OrderID,CustomerID,OrderDate,OrderTotal,NumLines,TotalQuantity,SalespersonID
50000,1324,2023-03-01,1534.79,5,7,17
50001,1002,2024-04-07,170.2,1,4,22
50002,1140,2023-08-03,171.85,3,3,13
50003,1389,2025-03-03,625.73,3,3,4
50004,1086,2024-08-13,823.29,3,3,14
50005,1391,2023-06-12,1077.64,3,9,10
50006,1250,2025-03-15,581.59,2,2,10
50007,1390,2025-03-09,283.34,2,4,10
50008,1045,2023-05-13,422.59,3,3,27
50009,1314,2024-03-20,841.41,6,7,12
50010,1324,2024-03-15,592.86,3,4,2
50011,1206,2024-03-15,903.14,4,8,26
50012,1494,2024-05-03,37.15,1,1,23
50013,1196,2023-01-05,293.92,3,3,9
50014,1019,2024-06-30,571.26,5,8,29
50015,1102,2025-01-18,907.56,4,4,5
50016,1191,2023-01-15,241.65,4,5,8
50017,1456,2023-11-26,393.89,4,7,21
50018,1387,2025-05-03,2023.22,5,7,14
50019,1271,2023-07-15,470.09,3,5,7
50020,1009,2024-11-23,1139.44,4,10,7
50021,1002,2024-10-03,425.38,3,3,9
50022,1375,2023-09-12,1065.26,3,6,3
50023,1115,2024-12-11,234.28,4,5,14
50024,1449,2023-12-19,776.24,2,3,17
50025,1159,2023-05-13,31.0,2,2,18
50026,1052,2024-01-28,20.95,1,1,12
50027,1257,2024-08-25,387.76,3,5,22
50028,1156,2023-06-21,1042.54,2,4,14
50029,1033,2025-04-23,1626.13,5,8,26
50030,1023,2023-11-02,556.02,3,6,26
50031,1485,2023-10-25,335.27,3,4,28
50032,1233,2025-01-15,101.96,1,1,13
50033,1266,2024-09-02,709.85,2,2,14
50034,1268,2023-12-12,794.01,4,5,9
50035,1222,2024-12-04,731.54,4,7,19
50036,1068,2023-12-17,504.71,6,7,26
50037,1461,2024-05-16,5537.41,5,13,2
50038,1183,2025-02-07,257.26,5,7,11
50039,1096,2023-06-18,592.89,2,5,17
50040,1485,2025-04-11,1592.04,6,11,2
50041,1206,2023-01-20,535.56,6,6,19
50042,1116,2023-08-18,778.21,3,4,7
50043,1372,2023-05-15,201.72,2,3,18
50044,1108,2025-01-21,171.92,2,2,13
50045,1011,2024-08-26,1479.93,6,10,5
50046,1258,2023-06-23,342.07,4,5,18
50047,1063,2024-01-11,952.67,5,6,23
50048,1364,2024-10-28,22.9,1,1,26
50049,1405,2023-02-08,34.15,1,1,24
50050,1192,2025-06-16,190.16,4,4,24
50051,1327,2023-09-19,685.25,4,5,29
50052,1394,2024-07-01,157.71,3,3,16
50053,1319,2023-02-19,1189.35,5,12,15
50054,1304,2023-02-19,246.02,2,2,8
50055,1338,2023-04-21,89.46,2,2,26
50056,1334,2025-05-06,336.97,2,3,15
50057,1010,2023-02-19,383.7,3,6,25
50058,1353,2023-04-29,352.78,2,4,1
50059,1213,2024-03-30,900.99,5,10,28
50060,1194,2023-05-07,228.68,3,5,17
50061,1280,2023-09-16,831.52,2,4,30
50062,1242,2024-12-19,571.35,6,9,15
50063,1078,2023-07-30,136.34,2,2,14
50064,1355,2024-12-03,724.01,4,5,14
50065,1322,2023-01-10,946.24,2,3,10
50066,1154,2024-03-06,782.67,2,5,2
50067,1338,2023-04-14,936.1,6,9,27
50068,1339,2024-06-16,784.49,2,2,6
50069,1138,2024-09-29,226.66,1,1,30
50070,1310,2024-12-18,427.06,2,3,17
50071,1070,2024-03-04,1015.6,5,12,5
50072,1425,2023-04-18,526.17,3,6,5
50073,1261,2025-01-06,1535.31,5,10,15
50074,1316,2023-05-01,161.94,3,3,15
50075,1144,2023-04-27,891.24,2,8,20
50076,1401,2023-04-19,2348.1,5,11,11
50077,1254,2023-07-23,1032.36,5,9,5
50078,1311,2023-07-24,1193.52,6,11,28
50079,1398,2023-09-27,2924.76,6,8,1
50080,1425,2024-06-19,1056.86,2,2,11
50081,1498,2023-07-26,972.45,6,8,11
50082,1183,2024-12-21,394.38,2,2,6
50083,1209,2023-10-30,1014.36,4,5,23
50084,1082,2023-02-10,712.99,5,8,8
50085,1280,2024-05-23,1443.67,3,3,2
50086,1466,2023-08-01,343.13,3,4,15
50087,1352,2024-05-07,748.29,3,3,23
50088,1169,2023-08-29,1044.94,2,2,22
50089,1001,2023-01-14,278.12,2,2,9
50090,1343,2023-04-02,401.86,1,2,15
50091,1464,2023-04-24,425.17,2,5,8
50092,1427,2024-08-10,69.79,1,1,30
50093,1342,2024-05-20,283.21,4,4,16
50094,1076,2023-04-03,329.15,3,5,27
50095,1399,2024-06-07,1550.82,3,3,14
50096,1038,2025-01-10,197.67,3,3,15
50097,1370,2023-04-14,340.3,3,4,20
50098,1463,2023-09-20,186.3,2,3,30
50099,1329,2023-08-25,234.1,2,2,13
50100,1233,2023-10-31,1053.61,5,5,9
50101,1135,2024-04-20,100.61,2,3,1
50102,1025,2023-04-13,493.66,1,1,27
50103,1416,2023-06-28,2568.28,3,7,6
50104,1447,2023-02-10,1559.01,3,5,8
50105,1436,2023-10-25,374.08,4,4,27
50106,1184,2025-03-31,77.97,2,2,27
50107,1346,2023-11-17,307.85,2,2,20
50108,1218,2025-01-26,758.67,2,5,18
50109,1059,2023-04-08,1007.61,3,4,27
50110,1435,2025-02-15,2824.0,3,9,18
50111,1455,2023-02-16,836.45,4,6,26
50112,1004,2025-05-22,448.88,3,4,17
50113,1070,2024-11-10,847.36,5,6,21
50114,1331,2023-06-24,1236.32,4,6,16
50115,1168,2024-01-02,396.69,3,4,13
50116,1457,2024-03-24,1294.52,5,6,22
50117,1489,2024-09-28,1141.64,5,7,4
50118,1137,2025-06-18,333.58,4,4,4
50119,1375,2023-04-06,1035.1,4,6,21
50120,1190,2025-04-14,588.12,3,6,14
50121,1175,2023-07-07,1462.85,4,5,5
50122,1058,2024-02-15,885.77,4,10,16
50123,1204,2024-04-12,3203.58,5,6,14
50124,1139,2025-05-05,326.3,4,5,30
50125,1197,2024-12-07,646.38,2,2,14
50126,1435,2024-05-04,2290.69,5,8,14
50127,1409,2024-03-07,1962.33,3,4,25
50128,1332,2025-03-27,467.68,3,3,24
50129,1085,2023-04-26,182.75,2,3,25
50130,1067,2024-12-13,806.48,4,7,29
50131,1371,2023-03-02,119.92,3,3,14
50132,1482,2025-05-14,365.35,3,3,19
50133,1081,2023-04-17,11.99,1,1,30
50134,1213,2024-08-27,2244.96,4,6,3
50135,1247,2025-04-01,377.89,4,5,17
50136,1291,2024-11-25,908.76,2,2,14
50137,1224,2023-07-05,654.35,5,5,10
50138,1312,2024-01-24,1319.5,3,6,13
50139,1398,2024-01-03,1476.16,6,7,22
50140,1313,2023-01-30,2235.87,4,6,4
50141,1441,2024-12-01,1259.97,5,8,11
50142,1450,2025-05-08,541.3,3,5,15
50143,1372,2023-05-14,589.74,2,3,15
50144,1247,2024-05-14,202.81,2,2,30
50145,1057,2024-02-26,367.9,3,3,24
50146,1225,2023-02-17,467.91,5,5,2
50147,1032,2023-09-25,402.53,3,4,11
50148,1335,2023-11-18,622.44,3,5,2
50149,1006,2024-12-22,355.23,3,5,23
50150,1444,2024-11-25,876.03,3,5,29
50151,1268,2025-02-24,960.71,5,10,5
50152,1380,2024-08-13,252.4,4,6,13
50153,1370,2024-08-01,589.56,6,6,1
50154,1114,2024-11-16,233.36,3,4,7
50155,1447,2023-12-13,1281.51,5,7,7
50156,1265,2024-06-19,726.9,6,11,10
50157,1352,2024-12-18,146.11,3,3,6
50158,1316,2023-04-08,930.01,2,2,20
50159,1221,2024-11-08,5124.23,5,9,12
50160,1372,2023-09-12,1431.61,4,9,13
50161,1246,2023-12-21,171.38,3,3,24
50162,1339,2024-11-23,830.4,3,9,28
50163,1328,2024-01-30,397.72,3,4,11
50164,1076,2025-05-09,621.92,3,3,18
50165,1423,2024-07-25,852.1,2,2,2
50166,1456,2024-09-19,1715.49,6,7,16
50167,1027,2023-01-12,502.71,3,4,2
50168,1329,2023-06-10,1505.32,5,8,19
50169,1258,2025-05-19,839.62,6,9,6
50170,1240,2025-05-22,623.17,4,4,1
50171,1253,2025-06-09,2517.81,5,10,11
50172,1084,2023-03-18,570.63,4,6,18
50173,1384,2024-05-18,134.88,2,2,10
50174,1164,2023-09-04,1571.9,2,6,18
50175,1169,2023-10-12,1640.05,4,4,30
50176,1025,2024-06-03,462.62,4,7,28
50177,1114,2024-07-17,1441.56,4,6,1
50178,1329,2024-01-23,339.02,2,4,19
50179,1206,2025-04-16,3029.59,3,7,16
50180,1120,2023-03-22,329.84,2,2,26
50181,1235,2024-03-30,1124.7,5,10,7
50182,1410,2024-08-09,398.18,3,6,15
50183,1229,2023-04-01,209.09,2,2,29
50184,1438,2024-05-25,177.7,3,3,1
50185,1228,2023-11-20,340.01,4,4,23
50186,1060,2024-05-24,921.26,5,8,21
50187,1381,2024-10-31,339.46,5,5,9
50188,1009,2023-04-16,103.55,1,1,2
50189,1206,2024-02-27,111.86,2,3,17
50190,1018,2024-07-24,186.06,2,2,25
50191,1281,2023-01-01,235.09,2,4,24
50192,1422,2023-04-04,2728.58,6,9,10
50193,1405,2024-09-10,488.24,4,5,6
50194,1493,2024-09-25,909.12,3,4,5
50195,1326,2023-11-08,2520.1,4,10,8
50196,1455,2024-06-04,620.12,2,2,8
50197,1287,2023-07-31,1524.22,6,10,30
50198,1335,2024-11-18,1179.95,6,9,5
50199,1233,2023-12-16,837.33,4,8,12
50200,1186,2025-04-25,1522.0,4,4,7
50201,1027,2025-04-16,524.59,4,8,13
50202,1114,2025-05-14,303.74,3,3,13
50203,1232,2023-12-06,182.85,4,5,17
50204,1286,2025-02-24,1210.86,6,8,4
50205,1317,2024-09-06,329.74,1,1,18
50206,1242,2025-01-03,2268.06,4,10,10
50207,1336,2024-01-08,13.35,1,3,3
50208,1366,2024-04-08,2850.05,5,6,12
50209,1058,2023-04-10,459.84,4,5,1
50210,1388,2024-11-05,2083.72,6,8,27
50211,1113,2023-01-03,694.55,3,6,11
50212,1174,2023-12-30,1112.32,6,9,18
50213,1424,2024-10-10,102.09,3,3,13
50214,1493,2025-03-30,351.07,4,4,17
50215,1149,2024-07-14,587.34,5,6,8
50216,1267,2024-01-18,518.77,4,7,20
50217,1359,2023-04-19,117.69,2,2,19
50218,1023,2023-06-18,1484.77,5,7,17
50219,1252,2023-05-24,236.76,3,3,2
50220,1420,2025-01-04,420.37,3,3,3
50221,1380,2025-01-08,304.05,3,3,3
50222,1209,2023-04-20,1850.28,5,9,6
50223,1130,2024-09-17,161.03,2,2,10
50224,1100,2023-07-12,1905.16,4,6,24
50225,1061,2025-05-22,95.84,2,2,22
50226,1201,2023-08-09,1306.93,3,4,18
50227,1234,2025-04-24,65.31,1,1,18
50228,1400,2023-07-15,451.05,3,3,14
50229,1366,2023-12-13,682.56,4,8,16
50230,1055,2025-02-14,281.01,2,3,7
50231,1212,2023-02-17,469.69,2,3,1
50232,1474,2024-10-10,174.05,2,2,17
50233,1428,2024-11-19,302.18,1,1,23
50234,1301,2023-05-07,169.16,1,2,25
50235,1395,2024-04-06,400.25,4,4,5
50236,1234,2024-11-05,1573.68,6,8,27
50237,1301,2024-05-31,430.28,2,3,1
50238,1068,2024-05-25,2238.57,5,11,21
50239,1002,2024-06-27,720.86,3,5,27
50240,1376,2023-02-19,302.86,3,3,17
50241,1283,2024-03-19,813.77,3,3,10
50242,1429,2024-08-22,3763.43,6,11,12
50243,1247,2024-06-04,733.02,4,4,25
50244,1399,2023-07-01,1096.79,4,7,20
50245,1354,2024-08-15,177.76,3,3,25
50246,1088,2025-01-18,29.32,1,1,2
50247,1417,2023-05-12,411.99,3,6,23
50248,1053,2024-02-01,255.98,3,3,16
50249,1336,2024-09-06,373.2,3,4,15
50250,1310,2023-11-26,838.07,2,5,28
50251,1258,2024-01-29,161.84,2,2,13
50252,1214,2024-09-15,442.05,2,2,18
50253,1468,2024-12-10,1357.18,6,7,28
50254,1390,2023-09-12,396.91,5,6,20
50255,1140,2024-02-12,157.4,2,2,22
50256,1493,2023-12-18,661.05,6,7,14
50257,1496,2023-10-29,1116.87,4,6,18
50258,1231,2025-04-04,320.42,5,8,2
50259,1068,2023-05-22,1484.46,6,7,2
50260,1211,2024-09-08,208.92,2,2,3
50261,1358,2025-02-05,712.41,1,3,5
50262,1262,2023-11-03,402.53,3,4,25
50263,1431,2024-12-19,226.85,2,2,16
50264,1280,2025-05-31,1523.44,3,6,22
50265,1160,2024-12-29,242.67,4,5,15
50266,1377,2024-07-20,838.88,2,6,12
50267,1323,2023-08-11,4031.69,5,8,30
50268,1102,2023-08-03,243.55,3,5,9
50269,1319,2025-01-01,612.54,2,3,26
50270,1148,2024-12-04,843.1,6,10,14
50271,1176,2024-11-19,2104.07,5,7,29
50272,1067,2024-12-28,1191.55,6,8,21
50273,1332,2023-07-02,91.93,2,2,16
50274,1257,2024-07-09,190.22,3,4,11
50275,1355,2024-10-14,704.52,4,5,6
50276,1165,2024-12-28,952.9,2,3,10
50277,1059,2025-02-18,1037.46,4,8,28
50278,1180,2024-07-29,392.75,5,5,8
50279,1245,2024-08-19,179.08,2,2,16
50280,1292,2024-11-14,407.19,2,2,3
50281,1363,2024-03-03,2235.48,5,6,2
50282,1345,2025-02-04,1620.71,6,7,16
50283,1457,2025-05-11,615.72,6,7,19
50284,1273,2023-10-20,310.21,3,4,30
50285,1449,2025-05-17,1032.13,4,6,9
50286,1216,2025-04-07,497.88,4,5,16
50287,1006,2024-06-19,3893.63,4,7,22
50288,1054,2023-01-26,102.99,1,1,26
50289,1195,2023-05-29,290.91,2,4,28
50290,1027,2024-11-17,636.62,2,3,4
50291,1028,2023-07-24,487.24,2,2,10
50292,1136,2025-02-07,503.31,1,3,19
50293,1402,2023-06-14,362.23,2,2,13
50294,1146,2024-11-30,777.72,2,5,18
50295,1128,2023-05-30,982.86,3,4,15
50296,1429,2023-03-05,493.58,4,7,30
50297,1353,2025-03-14,158.34,2,2,4
50298,1151,2023-07-28,906.79,4,6,9
50299,1385,2024-07-08,853.8,3,3,4
50300,1016,2024-01-03,703.31,6,7,29
50301,1416,2024-04-08,771.99,3,4,16
50302,1052,2024-09-22,717.96,5,9,28
50303,1444,2024-11-22,158.2,1,1,21
50304,1378,2024-07-29,881.32,4,6,15
50305,1442,2023-08-18,1180.88,4,6,24
50306,1380,2024-10-24,1319.59,4,6,2
50307,1287,2024-02-03,228.25,4,5,28
50308,1121,2024-06-07,435.77,2,2,27
50309,1401,2025-03-26,2586.7,6,7,14
50310,1408,2024-12-13,299.18,4,7,3
50311,1147,2024-12-10,1915.26,4,5,22
50312,1340,2023-02-18,245.82,3,5,28
50313,1474,2024-01-26,203.65,2,2,23
50314,1198,2024-03-02,1971.09,6,9,4
50315,1489,2025-03-18,108.96,1,1,30
50316,1499,2024-12-02,170.15,4,4,1
50317,1160,2024-07-19,174.27,2,2,23
50318,1027,2023-01-14,833.45,6,7,28
50319,1380,2023-09-15,1415.84,4,7,9
50320,1103,2024-09-27,2036.12,3,7,17
50321,1444,2025-03-10,133.76,1,4,14
50322,1440,2025-06-10,3099.26,4,6,17
50323,1226,2025-04-29,605.83,2,2,1
50324,1115,2024-10-10,229.45,3,4,10
50325,1360,2024-12-27,957.53,6,10,23
50326,1331,2024-01-12,338.72,3,4,16
50327,1386,2024-08-25,285.74,3,5,27
50328,1279,2025-01-26,176.24,3,4,25
50329,1308,2023-07-21,1500.45,6,6,19
50330,1397,2025-01-12,1713.75,6,6,24
50331,1493,2023-07-18,460.15,4,4,25
50332,1150,2024-04-04,115.24,1,1,3
50333,1090,2024-11-30,295.33,2,2,28
50334,1038,2023-07-11,841.53,4,6,12
50335,1492,2023-06-27,1386.33,2,3,3
50336,1376,2024-06-10,1521.77,4,4,15
50337,1061,2024-01-22,1466.54,6,6,17
50338,1020,2024-03-14,101.04,2,2,18
50339,1142,2024-07-23,2852.24,2,3,7
50340,1135,2023-05-14,39.11,1,1,19
50341,1082,2024-08-21,874.42,5,7,7
50342,1433,2023-09-19,1001.95,3,5,5
50343,1002,2023-12-05,483.76,2,2,26
50344,1238,2024-12-27,721.55,3,3,8
50345,1479,2023-06-08,1674.68,6,9,21
50346,1020,2023-06-07,1635.05,5,6,16
50347,1475,2023-11-27,1100.88,2,3,16
50348,1305,2023-02-22,227.47,2,2,19
50349,1396,2024-10-02,1131.75,3,3,25
50350,1315,2025-05-13,614.46,3,6,15
50351,1338,2023-11-05,198.0,2,2,7
50352,1251,2025-03-19,491.81,3,3,5
50353,1293,2024-07-17,87.94,1,2,23
50354,1183,2023-03-16,779.14,4,7,11
50355,1401,2024-12-25,1274.09,6,7,10
50356,1162,2024-06-22,265.94,4,4,25
50357,1112,2023-07-08,896.29,5,8,21
50358,1266,2023-03-11,724.18,5,5,23
50359,1402,2024-06-01,2048.83,6,11,27
50360,1081,2024-03-01,47.76,2,5,9
50361,1278,2024-07-03,346.45,4,5,1
50362,1206,2023-04-05,1243.48,6,10,20
50363,1178,2023-08-15,354.12,4,5,1
50364,1452,2023-08-07,239.62,2,2,8
50365,1339,2023-12-06,393.7,3,4,3
50366,1169,2024-01-05,247.19,2,4,2
50367,1150,2023-08-12,1082.92,5,9,30
50368,1486,2025-02-09,588.63,6,6,4
50369,1316,2024-06-27,906.41,4,6,27
50370,1243,2024-07-28,546.35,4,4,19
50371,1421,2025-02-09,2260.87,5,8,11
50372,1332,2023-01-10,761.26,4,5,5
50373,1058,2024-11-15,232.08,2,2,29
50374,1177,2024-04-01,1152.2,6,7,24
50375,1123,2024-10-19,73.54,1,2,10
50376,1314,2024-09-28,301.8,2,2,24
50377,1124,2023-02-10,1087.78,3,4,27
50378,1349,2023-11-25,615.37,3,4,23
50379,1195,2025-03-26,896.66,6,9,8
50380,1483,2023-04-27,202.75,2,3,13
50381,1197,2023-09-20,2432.55,6,9,29
50382,1276,2025-01-11,219.5,3,3,5
50383,1144,2023-01-26,1337.5,5,6,26
50384,1466,2024-06-13,552.73,3,4,26
50385,1420,2025-02-27,2272.7,4,5,27
50386,1191,2024-06-10,199.11,2,3,12
50387,1411,2024-06-04,44.34,1,1,27
50388,1228,2024-05-13,335.5,2,2,13
50389,1022,2023-10-31,949.32,4,7,22
50390,1459,2024-10-29,1068.89,5,10,8
50391,1098,2023-11-25,183.03,2,2,15
50392,1263,2023-03-26,2107.53,4,7,13
50393,1485,2023-04-09,2171.12,2,4,1
50394,1085,2025-03-02,1342.35,4,4,22
50395,1275,2024-06-30,337.33,3,8,6
50396,1003,2024-10-03,1472.38,4,4,11
50397,1033,2023-08-04,847.7,4,5,13
50398,1343,2024-10-06,1691.86,4,6,21
50399,1396,2023-08-07,738.77,2,2,20
50400,1442,2024-12-02,825.5,3,3,1
50401,1217,2025-05-05,200.14,1,1,11
50402,1053,2023-07-30,927.78,5,6,26
50403,1275,2025-04-28,2804.24,6,15,11
50404,1359,2025-06-18,908.76,3,6,8
50405,1499,2025-01-29,1417.87,6,7,22
50406,1396,2024-03-21,1418.34,4,6,3
50407,1331,2025-04-16,237.09,3,5,28
50408,1481,2023-03-15,130.01,2,2,19
50409,1382,2024-12-03,1489.81,2,4,12
50410,1078,2023-01-25,144.4,2,3,6
50411,1235,2025-01-04,1152.13,6,7,28
50412,1169,2023-02-08,237.71,3,3,23
50413,1044,2023-03-17,11.59,1,1,8
50414,1027,2023-07-02,3470.07,5,6,5
50415,1406,2023-09-15,1878.86,6,7,10
50416,1285,2023-03-14,166.36,1,1,22
50417,1294,2025-04-21,649.8,6,8,16
50418,1116,2023-09-22,387.59,3,4,12
50419,1208,2024-02-02,253.27,3,6,17
50420,1230,2024-10-07,505.26,2,3,6
50421,1207,2024-03-19,816.36,6,8,9
50422,1161,2023-01-18,2781.81,6,10,10
50423,1199,2024-11-20,67.25,1,1,20
50424,1060,2024-07-01,1244.38,5,8,14
50425,1003,2024-10-18,2830.78,6,11,14
50426,1368,2024-09-25,1101.75,6,9,26
50427,1032,2025-02-13,43.38,1,2,29
50428,1381,2024-08-22,2536.09,4,8,17
50429,1023,2024-12-18,207.25,4,5,30
50430,1434,2023-03-16,787.38,3,4,27
50431,1183,2024-05-29,752.39,4,7,25
50432,1054,2023-10-24,12.32,1,1,16
50433,1402,2024-12-03,440.49,3,4,4
50434,1154,2024-09-13,416.06,2,3,2
50435,1044,2023-10-16,927.08,4,6,16
50436,1391,2024-03-24,993.44,3,4,1
50437,1195,2024-02-09,786.18,4,7,3
50438,1420,2024-11-07,338.37,5,5,23
50439,1015,2024-04-30,351.7,5,7,11
50440,1080,2024-06-30,2088.84,4,8,16
50441,1112,2023-05-20,4610.64,3,6,26
50442,1382,2024-02-05,1979.21,2,5,18
50443,1407,2025-03-27,1066.43,4,4,15
50444,1434,2024-07-12,2150.19,4,8,9
50445,1151,2024-10-11,85.06,2,2,12
50446,1073,2023-11-02,1190.75,4,5,29
50447,1346,2025-03-25,2193.96,4,6,27
50448,1443,2025-01-16,99.46,1,1,18
50449,1331,2024-01-18,580.01,2,2,5
50450,1490,2023-01-12,3178.44,5,12,24
50451,1283,2025-06-14,597.63,3,5,29
50452,1284,2023-05-25,23.13,1,1,29
50453,1063,2023-02-12,925.14,4,6,28
50454,1002,2024-08-09,403.54,3,4,26
50455,1305,2024-02-08,667.19,3,4,8
50456,1275,2024-07-14,35.2,1,1,3
50457,1484,2023-03-29,1623.6,2,4,2
50458,1156,2023-08-04,337.97,2,2,25
50459,1383,2025-01-29,279.54,2,2,19
50460,1462,2025-01-13,675.82,5,5,8
50461,1176,2023-08-05,1646.01,3,5,2
50462,1211,2024-10-23,1627.71,5,8,19
50463,1435,2024-06-08,745.55,4,7,1
50464,1072,2023-06-14,586.07,3,3,30
50465,1094,2023-08-15,420.13,2,3,27
50466,1315,2025-05-04,299.17,3,3,22
50467,1129,2023-07-18,320.73,3,3,13
50468,1058,2023-07-05,572.5,3,3,23
50469,1343,2025-03-29,1260.06,5,6,20
50470,1290,2025-05-22,1038.75,5,5,17
50471,1027,2025-05-21,567.22,2,3,3
50472,1384,2024-07-16,732.45,3,4,9
50473,1236,2024-10-22,1610.68,4,6,5
50474,1281,2023-03-16,1008.4,6,8,6
50475,1148,2024-11-18,968.51,4,8,4
50476,1034,2023-09-14,34.15,1,1,17
50477,1050,2023-07-22,32.67,1,1,30
50478,1371,2024-08-17,581.17,5,5,21
50479,1249,2023-12-05,913.61,5,6,21
50480,1182,2023-05-12,1201.2,3,5,21
50481,1343,2024-11-02,1175.19,4,5,16
50482,1120,2023-04-13,433.29,6,7,16
50483,1145,2024-09-26,492.32,3,3,22
50484,1035,2023-07-18,546.61,4,5,11
50485,1162,2024-05-12,603.74,5,7,2
50486,1230,2023-12-03,333.66,4,7,17
50487,1315,2024-11-06,153.81,2,2,15
50488,1156,2024-12-11,622.46,2,2,18
50489,1299,2023-06-06,1516.7,4,6,29
50490,1289,2024-08-03,1892.5,6,10,10
50491,1186,2025-04-07,837.22,5,6,6
50492,1161,2024-03-14,851.74,4,6,21
50493,1086,2023-01-05,153.12,1,2,16
50494,1160,2023-09-10,1616.89,6,11,5
50495,1402,2023-08-15,2208.44,6,14,12
50496,1364,2025-01-27,70.97,1,1,28
50497,1328,2024-03-22,826.13,5,5,6
50498,1141,2025-05-10,179.38,3,4,14
50499,1184,2023-05-18,716.53,4,6,26
50500,1347,2025-01-20,470.61,5,7,23
50501,1169,2025-06-17,400.53,3,3,16
50502,1245,2024-04-18,1044.02,5,8,25
50503,1228,2024-01-03,263.56,3,7,7
50504,1396,2023-11-09,309.89,3,6,2
50505,1249,2024-07-18,462.41,4,4,6
50506,1055,2023-06-29,2708.63,3,6,9
50507,1330,2024-09-13,1784.79,5,5,7
50508,1041,2025-05-11,851.6,3,4,2
50509,1143,2025-05-29,189.7,3,3,19
50510,1423,2023-05-24,360.2,3,3,8
50511,1456,2024-07-05,567.35,4,5,11
50512,1100,2023-09-27,2085.33,4,6,25
50513,1375,2024-10-03,585.46,6,8,4
50514,1039,2025-01-14,860.08,4,7,16
50515,1038,2023-01-20,763.69,3,3,25
50516,1434,2024-06-03,685.3,4,4,18
50517,1323,2023-02-01,2400.88,3,8,13
50518,1416,2024-08-18,377.78,2,3,27
50519,1296,2024-02-19,531.54,2,4,5
50520,1393,2024-08-27,558.43,3,4,27
50521,1108,2023-02-07,148.26,2,4,2
50522,1282,2023-09-24,659.82,3,3,11
50523,1278,2024-07-06,320.27,3,3,1
50524,1241,2024-10-31,2596.23,5,9,13
50525,1396,2023-06-02,229.75,3,3,30
50526,1187,2024-02-06,1270.22,5,6,5
50527,1114,2025-03-01,172.71,2,2,18
50528,1301,2025-01-20,75.14,1,2,14
50529,1438,2023-10-25,104.81,2,2,13
50530,1068,2024-04-20,1279.64,5,8,7
50531,1256,2024-06-06,194.2,2,3,8
50532,1046,2024-02-11,573.88,4,9,18
50533,1186,2024-05-29,886.78,4,9,7
50534,1005,2024-11-09,1310.54,2,5,20
50535,1122,2025-05-18,1867.48,6,9,17
50536,1493,2025-04-05,974.72,2,4,16
50537,1314,2024-12-01,151.49,2,2,11
50538,1084,2025-02-14,835.97,4,6,19
50539,1263,2023-05-24,549.17,5,5,27
50540,1228,2023-06-13,925.31,6,7,28
50541,1091,2024-08-02,245.95,4,4,1
50542,1485,2024-08-02,547.99,2,4,21
50543,1337,2025-06-12,667.28,6,8,29
50544,1495,2023-05-30,116.11,2,5,8
50545,1376,2025-01-19,592.81,1,1,1
50546,1247,2024-01-03,515.13,2,2,30
50547,1020,2023-08-13,721.29,2,2,9
50548,1389,2024-05-14,547.86,6,6,19
50549,1118,2023-03-06,1334.87,4,6,21
50550,1135,2024-01-14,551.85,4,5,9
50551,1119,2023-02-13,503.06,3,4,21
50552,1342,2023-07-31,276.42,3,5,25
50553,1265,2025-03-21,138.29,1,1,10
50554,1184,2024-02-02,393.22,2,5,24
50555,1240,2024-04-10,255.35,3,3,23
50556,1451,2023-02-17,434.64,3,3,11
50557,1020,2024-10-26,2097.74,5,5,1
50558,1165,2023-04-16,438.75,1,1,20
50559,1360,2024-06-17,515.4,2,3,25
50560,1324,2025-04-29,181.02,2,3,26
50561,1140,2025-05-04,1526.22,4,9,8
50562,1379,2023-09-27,538.22,5,7,20
50563,1296,2024-07-11,2302.0,5,8,12
50564,1291,2023-06-28,288.46,3,3,1
50565,1192,2024-10-31,4876.89,6,13,10
50566,1193,2024-01-10,909.61,1,1,4
50567,1300,2024-10-31,1418.62,3,5,15
50568,1459,2025-05-05,21.97,2,2,19
50569,1039,2024-06-13,125.02,2,3,6
50570,1128,2024-01-21,1326.79,2,2,27
50571,1498,2023-08-17,283.2,1,1,5
50572,1264,2024-02-20,748.02,3,7,5
50573,1180,2025-04-16,549.58,2,5,18
50574,1444,2023-12-20,161.03,2,2,28
50575,1249,2025-03-22,269.65,2,2,3
50576,1246,2024-09-10,310.81,3,6,27
50577,1003,2024-05-28,415.14,4,6,22
50578,1451,2023-05-23,437.39,4,7,2
50579,1225,2023-06-19,686.78,4,5,4
50580,1117,2023-03-20,689.27,3,3,18
50581,1263,2024-10-20,481.73,4,4,9
50582,1143,2023-08-05,617.13,1,1,19
50583,1076,2023-07-11,772.14,3,4,26
50584,1080,2024-01-06,219.42,3,3,10
50585,1308,2025-01-04,712.21,5,6,22
50586,1418,2023-05-02,1433.57,6,7,15
50587,1338,2023-08-24,242.09,3,6,1
50588,1212,2025-04-10,554.86,5,10,29
50589,1169,2025-01-07,806.2,3,4,11
50590,1058,2024-05-08,1669.84,6,7,14
50591,1345,2024-05-05,299.91,3,4,10
50592,1245,2023-08-04,99.46,1,1,19
50593,1302,2023-06-15,255.15,3,4,24
50594,1331,2025-05-03,240.8,4,4,21
50595,1210,2023-01-23,2743.98,3,6,16
50596,1124,2023-02-14,922.06,1,2,8
50597,1065,2024-08-10,1643.44,4,6,2
50598,1303,2023-06-14,92.69,2,3,23
50599,1068,2024-10-06,481.01,6,6,25
50600,1262,2023-02-10,36.74,1,2,7
50601,1456,2024-08-09,1719.35,4,7,19
50602,1075,2023-02-27,516.5,2,3,7
50603,1085,2023-09-22,443.61,3,4,15
50604,1472,2023-07-04,102.99,1,1,8
50605,1264,2024-02-20,348.22,5,5,14
50606,1306,2024-07-31,112.33,2,2,1
50607,1326,2023-01-20,1073.4,6,6,29
50608,1449,2025-01-06,46.77,2,2,13
50609,1372,2024-11-08,4307.82,6,7,3
50610,1420,2023-10-18,555.99,3,3,21
50611,1484,2023-03-29,128.53,2,2,28
50612,1110,2024-04-04,633.17,3,4,6
50613,1310,2024-04-27,333.92,3,5,19
50614,1444,2024-05-08,842.55,5,8,15
50615,1087,2023-08-13,209.34,1,1,4
50616,1425,2024-02-25,482.26,1,2,21
50617,1307,2023-05-27,2387.72,4,7,3
50618,1406,2024-08-19,1196.8,2,5,4
50619,1420,2025-02-24,352.97,2,2,5
50620,1093,2024-09-30,231.35,4,5,18
50621,1337,2024-06-07,526.07,4,7,26
50622,1135,2023-06-21,633.22,4,4,25
50623,1370,2024-12-03,526.4,2,3,10
50624,1175,2024-04-09,190.55,2,2,8
50625,1305,2024-08-27,746.05,5,7,12
50626,1035,2023-08-24,124.86,2,2,22
50627,1193,2024-01-30,329.34,1,3,26
50628,1067,2023-04-22,1205.15,4,6,27
50629,1008,2023-07-27,1179.01,3,7,3
50630,1267,2025-05-30,66.3,2,2,27
50631,1465,2024-05-31,1136.49,6,10,18
50632,1350,2024-03-05,280.69,3,5,23
50633,1423,2023-06-03,454.0,3,5,8
50634,1310,2023-04-09,503.27,5,8,26
50635,1090,2024-05-02,752.08,4,5,1
50636,1461,2024-09-21,266.79,3,3,14
50637,1307,2023-02-09,290.93,2,2,22
50638,1449,2025-03-13,623.71,4,5,23
50639,1272,2024-05-30,72.58,1,1,13
50640,1385,2023-05-01,895.66,5,5,25
50641,1047,2024-05-08,2619.12,1,3,12
50642,1337,2023-05-14,382.99,3,3,3
50643,1461,2024-09-09,747.93,3,8,18
50644,1276,2025-04-27,329.59,2,2,21
50645,1000,2025-03-04,27.57,1,1,13
50646,1347,2024-10-26,1695.34,4,4,15
50647,1220,2024-06-18,1525.45,5,6,10
50648,1215,2024-01-15,2691.02,4,8,1
50649,1447,2023-02-14,677.68,4,7,29
50650,1357,2024-06-26,1400.58,4,7,6
50651,1219,2023-08-23,35.2,1,1,9
50652,1480,2025-04-01,124.36,2,2,10
50653,1246,2025-03-19,194.89,3,3,15
50654,1393,2024-01-26,886.12,6,6,9
50655,1179,2024-08-26,237.5,3,3,23
50656,1411,2025-01-29,179.43,2,3,14
50657,1464,2025-02-18,662.24,4,6,11
50658,1428,2024-12-14,143.94,2,2,7
50659,1294,2023-04-11,776.7,3,4,24
50660,1217,2023-05-18,41.67,1,1,26
50661,1130,2024-05-03,360.89,3,3,30
50662,1392,2023-08-27,1821.38,4,6,2
50663,1465,2025-05-29,843.3,6,6,14
50664,1042,2023-10-18,369.21,4,4,6
50665,1306,2025-06-16,826.66,4,7,5
50666,1278,2024-02-23,105.61,1,1,5
50667,1131,2023-07-13,1611.92,6,8,29
50668,1002,2024-12-27,283.7,2,3,19
50669,1380,2025-03-19,883.85,5,10,19
50670,1003,2024-08-14,766.9,6,7,6
50671,1267,2023-05-01,481.33,4,4,28
50672,1266,2023-01-08,2862.14,6,8,26
50673,1192,2024-11-01,727.64,2,4,29
50674,1105,2024-12-05,352.88,5,7,10
50675,1411,2023-11-20,410.71,3,5,23
50676,1209,2024-01-06,2278.61,3,5,14
50677,1054,2023-06-08,694.88,4,6,17
50678,1218,2024-10-29,2006.1,3,5,30
50679,1299,2023-09-17,203.62,2,3,3
50680,1133,2025-05-25,732.59,3,4,28
50681,1274,2024-03-09,219.64,3,4,1
50682,1289,2024-01-10,1756.5,4,8,10
50683,1313,2023-10-10,682.51,4,7,3
50684,1348,2024-02-11,1130.02,2,5,5
50685,1386,2023-07-28,848.58,3,4,25
50686,1211,2024-07-19,467.03,3,6,19
50687,1401,2024-07-24,502.65,4,6,10
50688,1247,2023-07-03,707.38,3,4,30
50689,1189,2024-07-26,715.43,5,5,26
50690,1284,2024-05-10,909.99,5,8,25
50691,1129,2023-11-11,1222.06,3,4,16
50692,1295,2023-12-19,1425.28,1,4,1
50693,1396,2024-12-23,85.66,2,2,6
50694,1203,2025-01-23,1116.32,4,6,9
50695,1070,2025-05-25,259.2,1,2,28
50696,1442,2024-11-06,1870.11,6,11,5
50697,1060,2025-02-04,92.28,1,1,27
50698,1117,2024-04-02,767.14,3,4,14
50699,1400,2024-12-17,57.22,2,2,10
50700,1486,2023-06-15,2145.86,3,6,2
50701,1051,2023-08-08,1607.01,3,5,5
50702,1260,2024-02-15,235.99,3,4,1
50703,1402,2023-12-13,761.37,2,4,25
50704,1410,2024-07-17,601.53,3,6,10
50705,1314,2024-12-14,765.41,3,6,29
50706,1350,2024-12-24,358.38,5,5,26
50707,1026,2023-06-14,1159.56,3,5,25
50708,1199,2024-10-13,363.58,3,3,22
50709,1002,2025-04-03,1405.22,1,1,27
50710,1046,2025-04-23,285.73,4,6,9
50711,1074,2024-04-27,2245.05,3,4,30
50712,1474,2024-09-06,4163.5,3,8,3
50713,1222,2023-04-01,696.39,3,3,15
50714,1032,2023-09-27,1649.06,2,3,4
50715,1113,2024-01-15,1491.55,2,2,13
50716,1040,2024-09-15,2402.05,4,5,6
50717,1019,2025-01-11,1322.0,3,4,20
50718,1196,2024-02-15,102.99,1,1,17
50719,1314,2024-11-02,337.83,2,2,23
50720,1266,2023-10-21,227.65,2,2,5
50721,1364,2024-09-03,602.12,2,2,30
50722,1029,2025-03-03,1077.73,2,4,15
50723,1419,2023-06-29,949.62,4,5,8
50724,1327,2024-05-21,1608.86,3,4,25
50725,1224,2023-01-11,1630.31,5,8,5
50726,1103,2025-05-20,1777.26,4,6,24
50727,1336,2025-04-03,1720.52,5,9,13
50728,1265,2023-10-20,1107.77,4,5,1
50729,1099,2023-02-04,662.36,3,4,1
50730,1401,2024-09-05,2135.84,4,10,7
50731,1261,2024-06-12,812.45,5,5,22
50732,1357,2023-08-26,864.92,5,8,5
50733,1314,2023-06-23,1860.88,5,7,14
50734,1345,2023-02-06,489.35,4,7,15
50735,1184,2023-09-02,484.74,2,3,21
50736,1335,2023-01-01,268.77,3,3,30
50737,1499,2023-06-11,1646.51,6,7,25
50738,1044,2023-10-10,410.86,3,6,17
50739,1399,2024-02-14,371.02,5,5,24
50740,1180,2024-11-16,513.44,3,4,18
50741,1202,2024-02-20,718.29,4,8,7
50742,1300,2023-07-25,1220.59,4,6,22
50743,1265,2023-01-16,1529.09,4,7,26
50744,1377,2024-12-21,579.36,3,4,18
50745,1035,2023-04-03,217.93,3,3,28
50746,1281,2023-10-19,329.74,1,1,29
50747,1371,2025-04-29,874.45,3,4,19
50748,1286,2024-08-19,209.08,2,2,20
50749,1178,2023-12-22,1662.46,3,3,7
50750,1493,2025-04-15,361.03,6,7,8
50751,1141,2023-08-20,1203.4,2,4,13
50752,1310,2023-07-19,799.59,4,5,27
50753,1232,2024-02-18,317.72,1,4,18
50754,1294,2023-01-05,155.68,3,5,24
50755,1133,2023-06-29,214.14,2,3,11
50756,1208,2024-06-02,1116.37,5,8,9
50757,1054,2024-07-26,681.95,2,3,23
50758,1037,2024-05-30,344.52,3,3,1
50759,1150,2023-12-15,386.21,3,4,22
50760,1484,2023-04-30,439.15,2,2,8
50761,1411,2024-06-09,2050.48,3,5,21
50762,1489,2023-09-21,1877.18,4,8,12
50763,1448,2024-07-04,2367.85,3,6,2
50764,1416,2025-03-23,628.42,3,3,15
50765,1294,2023-09-14,434.07,6,10,21
50766,1355,2024-03-29,547.99,4,4,24
50767,1494,2024-01-22,237.58,2,2,18
50768,1288,2024-05-10,177.07,3,3,17
50769,1394,2023-09-07,708.47,4,4,15
50770,1387,2023-12-14,1733.22,6,11,20
50771,1492,2025-03-05,245.59,2,3,20
50772,1234,2024-11-28,1333.35,1,1,9
50773,1235,2024-08-23,327.16,3,4,3
50774,1441,2023-01-29,733.16,4,5,20
50775,1246,2023-04-30,1216.88,4,6,19
50776,1132,2023-03-11,783.25,4,8,18
50777,1195,2024-10-10,94.58,2,2,20
50778,1403,2023-08-14,126.09,1,1,30
50779,1346,2024-12-19,467.33,3,3,8
50780,1117,2025-03-30,270.26,2,4,1
50781,1161,2024-02-27,3057.17,4,6,24
50782,1489,2023-12-28,690.36,5,7,24
50783,1264,2024-07-02,230.24,3,3,15
50784,1004,2024-12-18,1414.79,3,3,19
50785,1426,2023-09-27,1178.31,6,12,30
50786,1127,2023-10-22,19.39,1,1,26
50787,1047,2024-02-13,512.05,5,8,10
50788,1344,2025-02-05,449.02,4,7,12
50789,1420,2023-12-17,1666.25,4,5,28
50790,1038,2024-07-21,3492.36,4,5,6
50791,1476,2023-07-02,78.36,2,2,29
50792,1243,2023-11-18,787.06,5,7,13
50793,1181,2023-08-12,326.69,2,3,4
50794,1457,2024-08-10,1241.51,4,8,13
50795,1137,2023-07-07,444.07,4,5,17
50796,1484,2025-02-03,576.07,3,3,30
50797,1349,2023-07-14,707.82,6,7,1
50798,1255,2025-01-24,700.76,4,5,5
50799,1102,2023-08-29,852.3,3,3,28
50800,1376,2023-09-05,582.08,2,2,24
50801,1446,2023-09-29,491.02,3,3,17
50802,1105,2023-08-23,1714.04,5,7,18
50803,1103,2025-05-04,1505.25,4,5,7
50804,1127,2025-05-06,920.61,4,6,16
50805,1316,2023-12-31,1117.46,5,8,8
50806,1079,2025-03-08,1693.46,4,4,12
50807,1054,2023-05-03,694.54,3,3,14
50808,1471,2023-03-22,1160.11,3,7,19
50809,1346,2024-11-10,1287.85,3,4,11
50810,1252,2024-09-20,1100.43,5,5,12
50811,1003,2025-02-21,584.07,2,3,13
50812,1438,2024-07-08,648.24,2,3,8
50813,1490,2023-02-13,892.72,3,5,1
50814,1434,2024-05-08,157.69,2,2,9
50815,1190,2024-09-27,908.52,2,2,28
50816,1161,2024-05-19,1439.82,5,9,2
50817,1459,2024-08-11,1456.53,2,4,14
50818,1444,2023-10-09,1068.63,6,10,13
50819,1251,2023-07-07,1390.9,3,5,16
50820,1391,2024-06-07,271.64,2,2,2
50821,1143,2024-02-12,1268.36,5,8,4
50822,1113,2025-02-07,90.87,4,4,12
50823,1295,2023-05-12,818.06,5,7,16
50824,1027,2024-06-22,711.83,4,8,10
50825,1409,2024-03-09,222.14,1,2,3
50826,1244,2024-07-07,681.21,3,4,4
50827,1016,2024-05-29,188.04,2,2,6
50828,1177,2024-02-08,628.41,3,4,23
50829,1440,2024-12-03,804.48,3,4,5
50830,1397,2023-06-28,1244.43,5,6,18
50831,1234,2023-05-04,423.78,4,6,3
50832,1357,2024-06-14,2575.24,3,5,10
50833,1235,2023-11-20,912.0,4,5,11
50834,1352,2023-01-09,541.32,4,7,19
50835,1006,2024-11-21,244.29,3,3,14
50836,1107,2024-01-24,2557.26,4,7,21
50837,1297,2023-04-14,3215.14,4,7,28
50838,1166,2024-01-06,3787.17,3,5,11
50839,1313,2025-06-01,634.84,2,2,28
50840,1132,2023-07-11,159.48,2,3,21
50841,1280,2023-09-27,1066.38,3,5,4
50842,1121,2023-10-03,1785.59,5,5,24
50843,1241,2024-09-19,1291.13,5,11,22
50844,1175,2024-01-10,473.09,3,6,6
50845,1094,2024-05-25,707.54,4,9,17
50846,1217,2023-08-04,1939.58,4,7,22
50847,1214,2024-12-18,271.4,3,3,19
50848,1385,2024-01-17,2430.53,4,6,13
50849,1186,2025-05-24,978.79,4,9,22
50850,1205,2023-10-14,495.05,3,9,10
50851,1230,2023-07-04,183.0,2,3,29
50852,1292,2023-05-15,2816.95,2,5,11
50853,1294,2024-12-03,999.32,3,7,29
50854,1117,2025-04-13,132.39,1,1,6
50855,1051,2025-01-08,1521.07,2,4,2
50856,1138,2025-04-03,520.41,5,5,1
50857,1120,2024-07-22,456.78,6,7,11
50858,1221,2025-05-26,272.99,2,3,16
50859,1195,2023-07-20,1874.83,3,5,3
50860,1074,2025-03-30,1247.34,5,5,5
50861,1491,2025-01-26,119.2,1,1,15
50862,1076,2024-04-29,915.79,4,5,15
50863,1412,2023-01-10,396.64,4,5,4
50864,1090,2024-03-07,1378.09,3,6,23
50865,1255,2023-05-18,987.79,6,8,4
50866,1457,2025-05-19,3048.23,5,6,8
50867,1322,2024-06-13,1593.35,2,4,7
50868,1273,2025-01-07,1786.46,4,7,26
50869,1161,2025-03-15,606.07,3,4,25
50870,1249,2023-11-04,685.8,5,9,17
50871,1128,2024-07-29,276.57,3,3,15
50872,1439,2024-08-04,102.46,1,2,5
50873,1024,2024-02-12,659.07,4,5,13
50874,1050,2024-12-08,254.98,3,3,4
50875,1083,2023-03-03,3414.21,6,12,22
50876,1110,2025-04-13,586.73,5,7,17
50877,1130,2024-05-02,155.79,2,5,22
50878,1429,2024-10-06,235.79,2,4,17
50879,1049,2024-04-05,1560.32,3,3,14
50880,1381,2023-12-09,302.18,1,1,14
50881,1133,2024-01-05,1333.18,4,5,17
50882,1184,2024-07-27,248.96,3,3,8
50883,1285,2025-04-09,917.78,6,8,2
50884,1131,2023-12-19,306.69,2,3,26
50885,1010,2024-02-26,373.88,3,4,13
50886,1062,2023-12-26,395.57,3,5,30
50887,1444,2024-11-26,1040.21,3,4,22
50888,1493,2024-09-12,1952.64,2,3,16
50889,1101,2024-08-13,1317.42,6,8,30
50890,1294,2024-10-27,932.95,4,5,16
50891,1332,2024-07-05,1049.4,3,3,6
50892,1089,2025-03-10,170.45,1,1,22
50893,1145,2023-12-30,926.45,4,7,24
50894,1166,2024-11-20,688.54,3,4,4
50895,1261,2024-05-14,589.58,4,6,3
50896,1396,2025-01-24,1754.04,4,6,6
50897,1228,2023-03-22,76.56,1,1,4
50898,1195,2024-09-20,932.99,6,10,18
50899,1146,2024-04-19,142.86,2,6,6
50900,1323,2023-05-29,254.3,4,5,26
50901,1444,2023-06-21,113.91,1,1,5
50902,1327,2025-04-07,1100.98,2,4,27
50903,1475,2023-12-12,981.55,4,6,9
50904,1215,2024-10-08,1172.5,6,8,11
50905,1313,2024-08-08,980.04,3,3,6
50906,1207,2025-05-19,379.0,4,4,30
50907,1464,2023-03-15,672.41,5,5,16
50908,1040,2023-06-15,237.16,2,4,19
50909,1175,2023-08-22,541.06,2,2,11
50910,1160,2023-11-21,1968.7,5,7,21
50911,1334,2023-10-26,1381.34,4,6,15
50912,1363,2023-10-01,37.5,1,1,26
50913,1309,2024-10-22,1352.47,2,3,24
50914,1202,2023-10-05,927.39,3,4,9
50915,1454,2024-03-31,199.92,3,3,24
50916,1399,2025-06-02,1336.64,6,9,19
50917,1480,2024-01-07,533.11,3,5,25
50918,1382,2024-08-24,379.17,4,4,19
50919,1266,2024-04-06,1260.53,5,9,24
50920,1211,2023-06-21,839.52,4,6,26
50921,1094,2025-05-24,152.51,1,1,9
50922,1011,2023-05-09,509.07,4,6,23
50923,1372,2023-08-29,2598.63,4,8,4
50924,1338,2023-09-15,415.17,2,4,10
50925,1481,2025-01-31,915.21,4,6,9
50926,1358,2025-02-06,564.52,4,5,19
50927,1040,2023-08-04,814.13,4,7,15
50928,1085,2024-02-11,61.34,2,2,19
50929,1052,2023-04-08,386.64,3,5,2
50930,1032,2025-06-18,563.32,2,3,10
50931,1242,2024-07-15,897.81,3,4,19
50932,1027,2023-01-27,338.36,3,4,17
50933,1394,2024-02-11,969.96,2,5,20
50934,1268,2025-02-22,181.56,3,3,24
50935,1042,2023-04-17,727.38,6,6,21
50936,1134,2024-09-24,442.92,3,5,2
50937,1079,2023-03-28,1872.0,3,8,19
50938,1335,2024-02-04,1341.59,4,4,17
50939,1158,2023-08-23,2099.25,4,8,18
50940,1126,2025-01-25,622.1,3,4,17
50941,1145,2024-03-29,324.16,4,5,2
50942,1320,2023-05-10,187.01,2,3,19
50943,1067,2024-06-23,341.09,2,2,1
50944,1429,2023-06-24,1724.39,6,9,11
50945,1014,2023-02-05,1230.67,6,6,25
50946,1339,2024-01-01,104.09,2,2,10
50947,1440,2023-11-30,2810.69,3,7,5
50948,1442,2024-05-02,820.78,4,4,16
50949,1239,2025-06-10,399.54,4,5,24
50950,1276,2023-10-06,753.74,6,6,5
50951,1280,2024-03-31,1831.93,4,5,24
50952,1069,2024-12-15,1155.58,4,5,23
50953,1276,2023-07-01,152.2,2,2,12
50954,1302,2024-09-03,493.22,2,5,4
50955,1233,2024-10-08,425.04,3,6,23
50956,1383,2024-10-13,1560.33,4,7,6
50957,1449,2024-07-31,2146.26,3,7,19
50958,1222,2024-06-20,2789.69,6,7,9
50959,1327,2024-10-16,1623.16,4,4,12
50960,1273,2023-11-14,240.25,2,2,26
50961,1465,2023-12-22,342.16,2,4,15
50962,1246,2024-07-06,1311.95,2,5,16
50963,1116,2025-04-04,233.09,2,2,13
50964,1045,2024-03-28,124.09,2,2,25
50965,1157,2024-01-10,1041.08,4,6,30
50966,1211,2023-09-24,684.61,4,8,21
50967,1079,2023-11-07,2655.91,4,5,24
50968,1005,2023-01-01,334.22,4,6,7
50969,1267,2025-04-14,1679.92,5,7,25
50970,1388,2025-05-18,326.39,4,5,23
50971,1069,2023-12-19,1451.38,3,3,20
50972,1146,2024-04-25,513.49,4,4,4
50973,1273,2023-01-09,688.51,4,6,11
50974,1352,2024-05-18,492.46,5,8,8
50975,1484,2025-02-12,429.79,2,2,6
50976,1244,2023-11-03,717.41,3,3,25
50977,1004,2025-02-23,5751.49,4,7,30
50978,1220,2025-03-28,1210.16,2,3,10
50979,1149,2024-09-03,2623.63,2,3,30
50980,1118,2025-03-26,438.44,4,5,7
50981,1003,2024-07-15,60.54,2,2,7
50982,1191,2023-07-13,246.73,2,3,4
50983,1210,2024-07-28,3353.13,6,8,3
50984,1223,2024-02-09,891.33,6,9,24
50985,1127,2023-06-17,1098.56,3,5,7
50986,1366,2025-01-24,1853.33,3,6,4
50987,1330,2024-02-04,1385.21,4,6,13
50988,1424,2024-01-23,507.27,1,1,20
50989,1112,2023-09-27,375.09,3,4,17
50990,1040,2024-03-08,472.3,3,6,27
50991,1320,2023-09-03,189.09,3,4,7
50992,1264,2025-02-21,1223.09,4,5,17
50993,1409,2024-09-19,621.26,5,6,26
50994,1413,2024-12-11,2339.49,5,6,26
50995,1350,2023-10-06,1475.63,6,9,4
50996,1145,2024-10-26,720.48,2,2,11
50997,1380,2024-06-28,951.5,3,5,30
50998,1414,2023-10-03,98.45,3,4,3
50999,1211,2023-07-12,2160.21,2,4,11
51000,1436,2023-03-12,1439.6,6,9,3
51001,1093,2023-05-20,1240.71,2,6,12
51002,1148,2023-04-24,256.32,2,2,1
51003,1326,2024-04-11,791.75,4,6,4
51004,1316,2024-04-08,808.13,3,7,14
51005,1139,2024-12-18,595.54,2,2,1
51006,1318,2024-05-18,2591.35,4,8,14
51007,1096,2023-11-25,855.36,3,5,13
51008,1009,2023-06-05,327.43,2,3,13
51009,1025,2024-07-01,689.87,3,5,24
51010,1011,2023-07-10,349.54,2,4,15
51011,1497,2023-04-15,591.52,3,3,17
51012,1144,2023-10-03,660.66,6,6,12
51013,1064,2025-01-02,830.32,2,3,30
51014,1224,2025-01-14,384.83,5,7,22
51015,1004,2023-08-27,764.16,4,4,23
51016,1046,2023-06-04,1314.33,5,7,26
51017,1007,2024-05-20,1025.14,4,6,14
51018,1111,2023-12-17,720.2,3,4,12
51019,1215,2023-11-16,812.95,4,5,18
51020,1402,2025-03-29,1404.91,6,7,4
51021,1255,2024-01-16,915.13,2,2,27
51022,1237,2024-12-14,1991.64,5,9,14
51023,1405,2023-02-02,2064.76,3,5,19
51024,1169,2023-03-24,840.12,2,4,29
51025,1431,2025-02-07,880.93,5,7,13
51026,1487,2023-05-30,326.64,3,3,25
51027,1028,2023-09-30,1205.07,3,4,30
51028,1397,2024-02-06,105.61,1,1,23
51029,1036,2024-07-10,1160.78,6,9,18
51030,1240,2023-07-05,3313.87,5,6,11
51031,1098,2025-05-11,542.97,4,5,28
51032,1128,2025-04-16,1263.69,6,12,6
51033,1195,2025-04-28,303.64,3,3,9
51034,1006,2023-05-05,213.88,2,2,12
51035,1498,2025-02-25,125.85,2,2,19
51036,1365,2023-09-12,476.78,5,6,14
51037,1197,2025-02-28,925.53,4,6,15
51038,1499,2024-03-29,382.64,4,5,11
51039,1126,2025-01-25,900.15,4,5,6
51040,1017,2023-07-23,817.92,4,7,14
51041,1235,2025-01-22,815.82,4,5,3
51042,1394,2023-04-07,158.2,1,1,19
51043,1266,2024-11-12,914.51,4,5,20
51044,1106,2024-04-29,838.42,4,7,25
51045,1199,2024-11-28,2228.46,5,10,11
51046,1492,2023-11-16,771.16,4,5,29
51047,1479,2023-11-27,270.73,4,5,24
51048,1081,2024-10-06,1147.19,5,9,17
51049,1372,2023-02-13,1134.26,3,6,29
51050,1381,2024-07-16,372.05,4,4,28
51051,1266,2023-05-06,399.12,3,8,27
51052,1129,2024-05-07,106.23,2,2,17
51053,1326,2023-11-02,633.74,3,4,23
51054,1101,2024-01-05,109.33,2,2,3
51055,1454,2023-02-23,3531.03,3,8,14
51056,1442,2024-11-13,942.56,3,7,27
51057,1111,2023-04-26,465.6,4,4,7
51058,1120,2024-10-10,948.33,5,8,25
51059,1222,2023-11-29,1389.61,2,3,19
51060,1007,2023-06-21,1611.06,5,7,3
51061,1406,2023-10-10,607.38,3,3,2
51062,1299,2023-05-03,184.27,2,2,26
51063,1202,2025-03-19,3887.46,3,6,17
51064,1124,2023-01-10,2353.85,4,5,9
51065,1496,2023-02-13,323.56,3,3,22
51066,1297,2025-03-13,589.45,4,7,6
51067,1353,2024-05-01,28.93,2,2,24
51068,1352,2024-09-02,125.53,2,3,27
51069,1079,2024-01-16,202.77,1,3,21
51070,1394,2023-04-02,257.64,4,7,9
51071,1127,2023-06-11,177.36,1,4,27
51072,1255,2023-04-04,200.93,1,1,5
51073,1351,2024-09-25,935.76,4,5,2
51074,1173,2025-02-16,832.33,3,4,22
51075,1320,2023-03-03,809.42,4,4,15
51076,1030,2023-12-31,1413.45,5,8,9
51077,1330,2023-06-07,143.5,2,2,19
51078,1359,2024-07-03,753.73,5,8,10
51079,1405,2023-04-20,3394.62,4,6,4
51080,1064,2024-05-14,184.5,2,2,10
51081,1119,2023-11-21,1329.43,4,7,27
51082,1285,2025-03-18,254.34,3,6,8
51083,1330,2025-02-13,316.55,2,3,22
51084,1177,2025-04-04,882.62,2,3,13
51085,1456,2024-03-25,1500.48,3,3,7
51086,1375,2023-07-17,412.58,2,5,7
51087,1010,2024-12-06,288.46,3,4,4
51088,1193,2024-01-02,336.83,3,4,15
51089,1370,2023-05-18,663.48,3,3,12
51090,1128,2023-02-10,341.22,2,2,16
51091,1248,2024-12-24,184.48,3,4,6
51092,1224,2024-07-26,1381.45,2,2,28
51093,1150,2024-07-09,430.11,2,2,9
51094,1356,2024-05-16,927.84,4,4,3
51095,1097,2024-08-03,561.56,6,8,8
51096,1095,2024-07-10,445.27,4,5,7
51097,1178,2023-11-28,1394.81,5,6,4
51098,1374,2024-04-24,1206.78,4,8,26
51099,1140,2025-06-07,703.54,2,2,13
51100,1425,2024-09-05,1477.16,2,3,19
51101,1468,2025-05-31,602.51,3,4,30
51102,1283,2023-06-14,1070.57,4,10,7
51103,1035,2024-06-27,109.78,1,1,10
51104,1079,2024-04-05,1135.36,4,5,25
51105,1151,2025-04-19,1908.46,5,5,12
51106,1134,2024-07-08,480.22,4,5,26
51107,1187,2024-04-09,370.2,2,5,3
51108,1000,2025-03-05,1901.52,2,3,26
51109,1326,2024-06-02,1264.5,6,7,25
51110,1194,2025-01-21,3234.96,3,5,29
51111,1094,2023-01-20,157.16,2,3,24
51112,1317,2025-05-27,576.25,3,4,12
51113,1186,2025-03-05,679.05,6,7,19
51114,1317,2023-09-02,220.97,2,3,15
51115,1164,2025-01-08,1895.43,3,6,8
51116,1032,2024-11-05,964.66,4,6,12
51117,1495,2024-07-05,112.89,3,3,20
51118,1419,2024-02-01,2376.07,4,8,6
51119,1097,2024-06-20,772.25,3,3,28
51120,1349,2024-05-24,2975.06,6,9,10
51121,1392,2024-07-18,158.2,1,1,2
51122,1078,2024-09-19,1536.64,3,3,24
51123,1144,2023-11-27,676.93,3,3,13
51124,1209,2024-10-18,221.12,1,2,25
51125,1164,2023-04-24,310.11,6,7,7
51126,1049,2024-06-19,2240.61,6,10,8
51127,1337,2023-03-10,150.39,1,3,23
51128,1022,2025-05-05,614.3,4,6,16
51129,1480,2023-05-13,75.81,2,3,11
51130,1091,2025-06-13,788.06,6,10,26
51131,1016,2023-07-26,151.61,1,1,4
51132,1054,2024-05-12,328.12,4,4,17
51133,1098,2023-04-12,406.92,6,11,16
51134,1016,2024-08-07,950.23,5,8,19
51135,1328,2025-05-06,389.64,3,4,23
51136,1198,2024-11-04,540.17,4,5,27
51137,1250,2024-06-22,1477.0,3,4,11
51138,1319,2024-12-19,769.52,5,6,7
51139,1302,2023-09-20,174.04,2,3,27
51140,1025,2024-01-11,577.69,3,3,13
51141,1113,2024-09-12,1753.76,5,8,19
51142,1367,2023-03-14,79.85,2,2,17
51143,1006,2023-08-02,1407.52,3,6,26
51144,1335,2024-05-18,329.08,2,2,25
51145,1475,2025-05-02,1460.04,3,4,28
51146,1040,2024-04-24,193.79,3,3,22
51147,1410,2024-10-16,794.09,3,7,13
51148,1031,2024-01-05,310.26,3,4,29
51149,1285,2025-01-31,1164.38,5,6,12
51150,1480,2024-03-01,897.63,4,5,7
51151,1420,2024-01-13,1107.58,6,7,1
51152,1406,2024-12-26,1011.7,3,3,1
51153,1029,2025-04-23,414.97,2,2,20
51154,1315,2023-09-30,254.85,3,4,23
51155,1270,2023-02-11,1119.84,1,3,14
51156,1375,2023-03-14,249.3,5,5,27
51157,1427,2023-11-08,547.42,3,3,15
51158,1039,2023-08-10,216.28,2,3,11
51159,1491,2024-06-15,1104.12,5,6,24
51160,1049,2023-04-14,200.39,2,5,26
51161,1371,2023-08-25,567.68,5,5,9
51162,1272,2024-01-30,201.75,2,2,17
51163,1097,2023-07-17,1054.95,3,6,4
51164,1269,2024-11-03,553.3,5,5,20
51165,1127,2024-08-06,3422.11,4,6,19
51166,1320,2023-07-03,1845.67,3,7,7
51167,1285,2025-02-06,13.69,1,1,1
51168,1285,2024-03-01,171.88,1,2,9
51169,1382,2023-04-19,1362.82,4,5,13
51170,1392,2024-10-15,237.09,3,3,24
51171,1295,2024-01-02,409.17,5,9,2
51172,1345,2024-04-14,452.05,3,3,2
51173,1359,2024-11-12,982.38,6,6,24
51174,1218,2023-04-17,229.11,3,5,27
51175,1085,2025-03-22,365.93,4,5,30
51176,1092,2024-07-17,976.51,4,5,15
51177,1205,2024-05-31,1003.97,5,7,17
51178,1172,2024-11-04,466.01,3,4,13
51179,1080,2024-06-30,799.49,3,9,7
51180,1307,2024-03-29,299.74,1,2,9
51181,1477,2023-12-27,93.38,2,3,12
51182,1462,2023-11-19,647.42,3,6,3
51183,1281,2023-11-29,634.17,4,4,23
51184,1432,2024-01-16,209.07,4,4,22
51185,1211,2025-02-21,453.54,5,5,15
51186,1324,2024-03-16,174.11,2,2,7
51187,1422,2025-01-13,779.57,5,10,23
51188,1165,2024-09-15,553.37,3,3,26
51189,1123,2024-07-30,541.48,4,5,1
51190,1279,2023-08-08,1135.91,6,7,14
51191,1192,2025-02-23,755.98,3,3,19
51192,1281,2025-02-01,1103.47,4,8,16
51193,1130,2024-01-04,378.8,2,5,10
51194,1492,2024-04-08,1926.21,3,4,1
51195,1229,2024-02-11,484.84,2,4,5
51196,1000,2025-01-13,2223.48,2,3,3
51197,1017,2023-10-19,544.05,3,4,17
51198,1305,2023-01-17,676.35,4,4,18
51199,1265,2023-05-19,99.61,1,1,26
51200,1455,2023-11-06,883.83,3,4,21
51201,1003,2023-11-04,231.85,3,4,27
51202,1113,2023-08-08,91.16,1,1,19
51203,1438,2023-11-19,161.36,1,4,22
51204,1011,2025-03-01,649.12,2,4,25
51205,1420,2024-12-07,1273.49,4,4,22
51206,1421,2023-10-10,1599.01,4,6,18
51207,1470,2024-07-20,357.31,3,3,16
51208,1261,2024-07-23,737.9,3,3,2
51209,1292,2024-08-08,1196.83,3,5,15
51210,1079,2023-04-07,551.71,3,3,13
51211,1019,2024-04-16,1415.21,3,4,13
51212,1182,2023-06-09,272.56,2,4,16
51213,1070,2023-09-29,213.06,3,3,8
51214,1187,2024-08-19,774.04,3,6,11
51215,1127,2023-08-27,851.48,3,4,8
51216,1131,2025-04-10,2071.15,5,7,22
51217,1153,2023-04-05,1040.77,5,6,10
51218,1292,2024-02-14,518.77,4,8,23
51219,1291,2023-08-11,2073.22,4,7,1
51220,1375,2023-03-21,65.31,1,1,12
51221,1370,2023-11-29,1647.53,5,8,9
51222,1405,2024-05-09,166.36,1,1,5
51223,1088,2024-05-14,368.13,2,2,9
51224,1422,2024-12-07,424.69,3,3,16
51225,1359,2024-08-13,935.96,5,6,18
51226,1419,2023-04-08,405.14,4,6,30
51227,1304,2024-10-19,639.03,5,7,8
51228,1153,2023-02-08,407.63,4,5,23
51229,1374,2025-04-07,348.95,4,4,11
51230,1295,2024-01-26,432.12,3,4,30
51231,1040,2025-03-09,836.78,4,5,20
51232,1028,2025-02-28,620.1,3,3,19
51233,1171,2023-12-23,584.46,3,4,4
51234,1450,2025-04-16,1564.71,4,7,20
51235,1222,2024-03-02,489.3,6,8,26
51236,1476,2025-06-07,373.97,3,6,10
51237,1061,2025-06-09,346.53,2,3,24
51238,1394,2023-08-21,215.6,3,3,13
51239,1382,2024-10-30,335.95,1,1,29
51240,1434,2024-09-08,1841.02,2,5,20
51241,1475,2023-01-12,195.91,2,2,14
51242,1324,2025-03-07,471.82,5,5,21
51243,1323,2024-01-27,512.68,2,2,2
51244,1027,2023-11-09,652.18,3,3,29
51245,1268,2023-02-12,1131.2,3,5,4
51246,1163,2024-07-06,726.98,4,8,7
51247,1289,2023-06-03,428.96,3,3,19
51248,1167,2024-05-29,945.95,4,6,30
51249,1357,2023-08-15,2195.33,6,7,30
51250,1078,2023-02-21,3083.16,6,9,17
51251,1344,2025-01-19,204.39,2,4,16
51252,1201,2024-04-01,1282.88,2,3,13
51253,1385,2024-09-01,761.9,3,7,24
51254,1294,2024-05-31,314.56,4,4,24
51255,1046,2023-08-16,2088.9,5,6,22
51256,1221,2023-10-24,888.34,6,7,23
51257,1402,2024-02-08,503.35,3,3,26
51258,1075,2023-05-16,22.9,1,1,27
51259,1172,2023-03-26,1483.61,5,9,18
51260,1243,2024-08-08,502.04,3,3,21
51261,1381,2023-02-20,224.47,2,2,12
51262,1280,2024-02-13,543.15,2,3,23
51263,1134,2023-03-29,1275.55,4,6,25
51264,1204,2024-05-28,355.77,2,4,1
51265,1222,2025-03-03,452.8,4,5,15
51266,1357,2023-05-14,291.87,3,3,3
51267,1390,2023-05-19,925.16,6,10,6
51268,1246,2024-07-26,483.23,4,5,14
51269,1101,2024-05-14,934.97,4,5,23
51270,1202,2024-10-29,1497.43,6,6,6
51271,1292,2023-07-20,362.1,3,3,1
51272,1287,2024-09-22,1574.67,4,5,20
51273,1376,2024-06-20,78.98,1,1,6
51274,1126,2023-09-06,908.79,4,7,8
51275,1036,2023-09-30,303.79,3,4,26
51276,1397,2024-03-16,1656.47,2,3,15
51277,1165,2024-12-02,371.24,3,3,14
51278,1473,2024-08-12,146.49,2,2,16
51279,1045,2023-04-26,252.6,2,2,20
51280,1343,2024-02-28,1467.8,6,7,23
51281,1216,2024-01-10,818.73,5,8,16
51282,1178,2023-07-15,484.26,4,6,27
51283,1164,2023-12-19,340.76,2,2,19
51284,1304,2024-11-02,5335.07,4,7,24
51285,1012,2025-02-27,1547.27,4,4,1
51286,1156,2023-06-23,221.9,2,2,4
51287,1179,2024-09-23,295.41,2,4,24
51288,1420,2025-04-02,159.25,3,3,10
51289,1226,2024-09-30,565.89,4,6,20
51290,1074,2024-03-27,1015.7,2,2,18
51291,1022,2025-04-17,648.36,3,7,2
51292,1119,2023-07-24,331.71,2,3,4
51293,1350,2024-01-18,387.17,5,6,15
51294,1079,2025-02-14,624.05,4,5,29
51295,1372,2025-05-23,827.61,5,6,4
51296,1043,2023-04-26,1373.74,4,5,16
51297,1378,2023-02-25,343.4,2,5,15
51298,1124,2024-09-27,1746.08,1,2,18
51299,1474,2023-06-01,1177.68,3,3,7
51300,1444,2025-05-02,2409.3,5,7,15
51301,1419,2023-10-22,753.58,4,7,22
51302,1007,2023-12-18,116.46,1,3,11
51303,1355,2025-04-03,434.3,2,2,19
51304,1056,2023-11-09,249.0,2,2,8
51305,1230,2024-04-27,975.33,6,8,24
51306,1011,2023-12-06,857.49,3,5,1
51307,1107,2025-01-27,250.63,3,3,3
51308,1275,2023-08-05,2496.8,6,10,5
51309,1104,2024-07-13,525.28,2,2,18
51310,1267,2025-02-07,6564.28,6,11,12
51311,1132,2024-07-15,441.19,3,4,12
51312,1247,2024-09-29,337.55,4,5,21
51313,1373,2023-05-25,491.34,3,6,27
51314,1355,2024-12-16,446.12,3,4,26
51315,1342,2023-01-19,2158.83,3,6,19
51316,1192,2024-08-19,826.07,5,6,9
51317,1463,2024-11-10,304.27,3,5,11
51318,1269,2023-02-14,418.02,3,3,17
51319,1130,2023-06-24,227.34,4,4,16
51320,1030,2023-10-18,246.43,3,4,4
51321,1102,2025-03-19,528.62,5,8,10
51322,1356,2024-09-24,494.47,2,2,22
51323,1138,2023-02-24,1830.84,3,8,15
51324,1238,2024-11-01,1525.18,6,6,25
51325,1483,2023-01-09,327.16,2,2,19
51326,1034,2024-02-02,229.35,3,4,3
51327,1338,2023-10-05,183.66,3,3,28
51328,1339,2025-05-22,818.27,5,8,21
51329,1467,2024-11-06,443.07,3,6,23
51330,1184,2025-06-04,316.68,2,2,30
51331,1055,2023-01-20,2402.24,5,8,5
51332,1149,2025-06-07,932.93,2,5,11
51333,1452,2024-10-26,753.93,4,4,24
51334,1197,2023-08-25,3848.45,5,9,5
51335,1194,2024-06-04,552.12,3,4,7
51336,1363,2023-04-12,649.21,4,5,6
51337,1462,2023-11-20,1320.36,4,7,30
51338,1248,2025-06-06,287.14,3,4,26
51339,1305,2024-06-28,562.04,4,4,13
51340,1045,2023-07-10,1973.2,6,12,2
51341,1101,2024-05-27,411.8,4,4,19
51342,1494,2024-04-13,1390.36,3,7,11
51343,1287,2024-12-30,482.77,3,3,27
51344,1011,2023-02-10,94.17,2,2,20
51345,1126,2024-06-26,898.59,3,5,5
51346,1156,2023-12-08,858.76,6,7,9
51347,1250,2024-02-07,589.64,2,3,6
51348,1381,2023-06-10,108.89,2,2,17
51349,1009,2023-12-22,1480.62,2,4,19
51350,1350,2023-12-27,659.84,2,5,23
51351,1181,2024-10-02,1475.35,2,5,8
51352,1154,2023-08-30,351.19,2,5,7
51353,1256,2023-10-10,520.92,6,9,5
51354,1415,2023-03-05,333.4,3,3,15
51355,1320,2023-09-21,478.05,4,4,10
51356,1449,2024-02-01,1421.76,6,9,24
51357,1455,2025-04-14,49.85,2,2,16
51358,1015,2024-07-22,1709.38,6,6,9
51359,1485,2023-10-14,465.08,3,4,7
51360,1115,2023-06-05,78.03,2,2,11
51361,1174,2024-02-07,350.38,3,3,9
51362,1336,2023-05-21,282.72,3,4,17
51363,1044,2025-01-17,461.29,3,3,30
51364,1195,2024-06-17,884.68,3,5,9
51365,1491,2024-11-25,155.51,3,3,3
51366,1313,2025-06-12,590.63,6,8,22
51367,1320,2024-12-03,241.91,3,3,8
51368,1116,2024-03-03,571.92,4,6,19
51369,1123,2024-08-09,1600.89,4,7,20
51370,1078,2024-03-12,649.71,5,9,16
51371,1496,2023-11-16,1219.21,4,9,7
51372,1465,2024-09-11,449.44,5,7,28
51373,1168,2024-04-04,286.7,4,5,7
51374,1277,2023-05-15,841.67,3,5,20
51375,1105,2024-10-30,902.13,3,4,25
51376,1070,2024-08-17,680.3,4,4,13
51377,1277,2024-12-01,698.15,5,11,3
51378,1409,2023-07-27,258.71,2,2,12
51379,1441,2023-05-22,461.8,2,2,24
51380,1158,2024-12-06,357.05,3,3,8
51381,1361,2024-06-20,278.09,3,4,13
51382,1465,2023-05-19,94.84,2,2,20
51383,1220,2025-02-27,3039.34,5,9,16
51384,1074,2024-11-02,536.63,4,5,7
51385,1477,2024-08-01,1897.61,3,4,4
51386,1469,2023-06-11,534.71,3,7,29
51387,1162,2023-03-11,702.34,3,3,12
51388,1285,2024-06-29,204.81,4,4,17
51389,1485,2025-01-06,1633.41,6,10,1
51390,1060,2023-07-08,400.78,4,5,30
51391,1162,2025-05-09,320.18,3,3,17
51392,1450,2023-05-30,219.46,2,2,2
51393,1372,2023-01-31,1306.04,4,7,6
51394,1391,2023-11-23,551.23,5,5,12
51395,1450,2024-02-28,213.72,1,1,26
51396,1492,2024-02-26,1384.16,3,4,11
51397,1155,2024-03-29,1804.09,5,11,21
51398,1381,2025-04-21,368.94,1,3,11
51399,1457,2024-10-14,1075.3,4,5,18
51400,1477,2025-01-26,910.21,2,2,8
51401,1140,2023-06-05,259.56,2,2,25
51402,1398,2023-07-12,204.32,3,6,7
51403,1054,2023-05-15,497.83,3,3,28
51404,1094,2023-01-27,129.7,2,2,14
51405,1390,2024-09-18,1051.46,3,5,16
51406,1315,2023-10-01,305.64,2,2,12
51407,1310,2024-08-03,953.7,4,4,9
51408,1313,2023-08-25,310.78,2,5,20
51409,1305,2023-08-26,805.83,2,3,29
51410,1118,2024-12-04,163.06,2,3,23
51411,1013,2024-01-03,202.09,3,3,21
51412,1040,2024-12-05,2228.08,1,2,16
51413,1399,2024-05-03,227.87,2,3,21
51414,1068,2024-05-29,632.15,4,6,19
51415,1433,2024-09-11,1393.65,6,7,16
51416,1240,2024-12-30,339.32,3,3,9
51417,1332,2024-01-18,506.6,2,2,13
51418,1094,2025-05-22,130.25,2,2,26
51419,1198,2024-05-18,807.16,3,3,5
51420,1242,2023-05-21,306.51,4,4,22
51421,1083,2023-07-17,2376.95,4,5,19
51422,1115,2023-02-03,796.04,2,3,10
51423,1209,2025-02-21,126.09,1,1,7
51424,1496,2023-01-16,498.76,5,7,9
51425,1473,2023-10-04,622.13,4,5,25
51426,1486,2024-02-27,338.87,3,7,14
51427,1113,2025-01-30,1065.05,4,6,15
51428,1343,2023-07-27,444.49,5,5,13
51429,1387,2023-07-29,189.93,3,3,10
51430,1033,2023-07-01,715.21,2,3,14
51431,1474,2024-03-25,1636.67,5,9,26
51432,1443,2024-09-23,490.36,3,5,21
51433,1250,2024-12-05,531.64,2,2,23
51434,1166,2025-06-06,13.74,1,1,29
51435,1234,2023-09-10,3913.49,6,9,12
51436,1218,2024-02-19,493.75,2,5,28
51437,1397,2023-02-12,4276.62,4,10,29
51438,1311,2025-01-22,661.35,5,6,19
51439,1422,2024-01-25,694.09,5,8,6
51440,1368,2023-11-17,683.71,2,2,12
51441,1201,2024-09-18,711.08,3,3,24
51442,1480,2025-01-30,1336.39,6,8,13
51443,1292,2024-08-31,935.8,3,5,8
51444,1274,2024-06-21,688.97,5,6,16
51445,1328,2025-06-15,698.93,5,9,2
51446,1360,2025-03-16,330.93,2,3,22
51447,1019,2024-06-17,685.91,6,7,7
51448,1055,2024-04-07,227.5,2,3,12
51449,1233,2025-04-26,207.05,2,2,7
51450,1449,2023-02-13,670.22,3,6,19
51451,1449,2023-09-09,617.13,1,1,14
51452,1265,2024-07-04,214.75,3,3,30
51453,1202,2025-01-22,351.71,3,4,9
51454,1020,2024-07-25,263.13,4,7,18
51455,1198,2024-06-12,228.85,3,5,11
51456,1391,2024-10-07,1325.52,3,5,16
51457,1492,2023-02-20,223.61,1,1,19
51458,1097,2023-10-26,276.13,2,4,11
51459,1225,2024-02-12,314.7,3,3,18
51460,1452,2023-11-08,907.33,3,5,11
51461,1396,2025-04-27,577.73,2,2,25
51462,1146,2024-04-17,1256.56,5,11,4
51463,1085,2024-03-08,191.15,2,2,18
51464,1150,2024-09-19,139.99,2,3,19
51465,1470,2023-02-25,1179.43,3,3,13
51466,1353,2024-06-13,1400.03,3,3,4
51467,1462,2023-05-26,626.19,3,4,30
51468,1237,2025-04-29,1083.06,4,4,10
51469,1330,2024-04-07,1107.11,3,4,29
51470,1046,2025-01-09,212.26,3,3,22
51471,1256,2023-04-26,1564.9,6,9,5
51472,1092,2025-03-08,1594.3,4,7,3
51473,1299,2024-12-13,1393.41,3,3,16
51474,1279,2023-05-19,1284.36,4,7,26
51475,1201,2024-02-28,984.76,5,5,8
51476,1165,2024-04-06,1613.73,1,3,24
51477,1012,2023-07-03,85.1,1,2,7
51478,1232,2024-08-27,1561.24,4,8,19
51479,1459,2024-12-30,1253.16,5,7,14
51480,1458,2023-07-26,2297.16,4,9,15
51481,1451,2024-04-10,583.27,5,6,17
51482,1046,2023-09-14,617.17,1,1,21
51483,1165,2024-12-09,786.49,2,2,1
51484,1332,2024-12-29,1009.31,6,12,6
51485,1407,2023-06-17,1052.76,5,7,27
51486,1367,2025-01-20,89.29,2,3,23
51487,1063,2023-04-04,2236.55,5,11,15
51488,1058,2024-12-24,338.05,3,3,12
51489,1230,2024-10-11,1521.77,2,3,21
51490,1185,2023-03-29,423.57,2,2,20
51491,1268,2024-12-25,55.9,2,2,2
51492,1196,2025-01-14,921.36,3,5,5
51493,1405,2024-06-07,450.92,5,5,9
51494,1313,2023-06-13,575.19,3,5,20
51495,1193,2024-07-17,1312.67,6,8,14
51496,1194,2023-02-14,561.66,2,5,18
51497,1393,2023-06-24,217.02,4,6,29
51498,1467,2023-12-10,269.24,4,4,22
51499,1289,2025-06-11,1462.35,6,8,8
51500,1337,2025-06-02,392.96,2,2,2
51501,1076,2023-06-16,248.96,1,2,9
51502,1444,2023-05-29,993.54,5,5,7
51503,1091,2025-02-26,533.98,2,3,30
51504,1364,2023-02-22,30.35,1,1,29
51505,1214,2023-11-12,1496.33,3,6,18
51506,1158,2025-01-17,1190.3,4,8,27
51507,1393,2024-04-01,396.42,1,1,16
51508,1147,2024-10-03,2924.65,4,5,21
51509,1092,2023-05-01,1454.21,6,9,5
51510,1460,2023-05-15,208.49,4,4,23
51511,1491,2023-07-27,217.29,2,2,29
51512,1001,2024-09-29,117.81,2,2,15
51513,1391,2023-09-17,321.87,4,4,5
51514,1006,2024-04-14,838.2,4,7,11
51515,1254,2025-05-25,497.95,3,6,30
51516,1255,2024-07-10,271.29,2,2,22
51517,1413,2023-01-06,556.13,3,3,14
51518,1311,2024-05-20,2629.23,5,12,25
51519,1121,2023-08-11,1931.77,4,9,19
51520,1301,2024-11-06,683.47,2,3,3
51521,1243,2024-04-09,489.48,3,3,24
51522,1209,2024-03-28,87.38,2,2,10
51523,1040,2024-09-07,1008.13,3,5,28
51524,1307,2023-01-07,457.01,2,3,6
51525,1125,2024-07-14,350.42,3,4,28
51526,1142,2024-09-26,619.86,4,6,26
51527,1321,2024-07-24,661.98,3,4,3
51528,1419,2025-04-25,1171.54,3,5,2
51529,1106,2023-02-20,235.73,3,4,13
51530,1094,2023-06-01,964.02,5,8,18
51531,1028,2024-10-30,984.52,6,12,2
51532,1178,2023-02-07,1218.58,5,6,15
51533,1074,2025-05-24,755.29,2,2,5
51534,1016,2024-11-14,904.09,3,3,15
51535,1295,2025-05-08,974.12,4,7,28
51536,1308,2023-11-02,1065.93,3,3,21
51537,1169,2023-03-31,656.75,5,6,17
51538,1025,2023-04-22,1682.71,4,5,2
51539,1213,2023-07-02,1121.34,5,11,18
51540,1082,2024-11-19,2104.6,5,5,15
51541,1145,2024-09-17,1138.47,4,5,20
51542,1338,2024-12-09,1197.44,4,5,23
51543,1358,2024-09-01,278.02,3,4,3
51544,1293,2025-03-17,604.98,1,2,5
51545,1287,2023-07-01,185.85,1,3,11
51546,1494,2024-04-11,967.71,3,3,9
51547,1383,2024-08-15,1036.0,3,3,5
51548,1184,2023-02-06,34.28,1,1,25
51549,1047,2025-02-25,531.2,4,5,1
51550,1153,2023-11-27,79.81,2,2,25
51551,1188,2024-01-24,688.65,5,7,14
51552,1419,2023-03-11,452.04,4,7,5
51553,1388,2024-03-13,144.78,2,2,8
51554,1431,2024-07-17,44.16,2,2,21
51555,1033,2023-10-27,1576.16,2,4,14
51556,1241,2023-05-18,612.01,6,7,28
51557,1062,2024-12-12,1154.75,3,8,16
51558,1440,2023-10-09,366.22,2,3,6
51559,1168,2024-06-23,1704.12,6,15,8
51560,1211,2024-06-21,1351.56,6,9,2
51561,1107,2024-12-13,337.13,3,5,19
51562,1107,2024-09-18,84.39,2,2,27
51563,1029,2023-04-22,500.31,4,6,9
51564,1292,2025-01-17,2809.07,4,6,5
51565,1322,2024-06-25,215.87,3,3,5
51566,1044,2024-05-10,568.36,6,7,25
51567,1370,2024-12-06,1467.75,5,8,26
51568,1309,2025-03-18,566.4,1,2,19
51569,1361,2023-10-22,2142.95,6,8,30
51570,1218,2024-09-15,52.38,1,2,4
51571,1434,2023-11-21,501.92,3,4,16
51572,1132,2024-06-22,260.35,3,3,16
51573,1294,2024-09-30,4783.65,4,6,16
51574,1181,2023-05-13,280.93,4,6,7
51575,1314,2024-07-30,1321.41,1,3,18
51576,1254,2024-06-16,677.88,5,6,24
51577,1373,2024-10-09,1016.92,3,3,21
51578,1254,2024-05-19,637.42,2,4,1
51579,1413,2023-07-04,1009.67,3,3,3
51580,1452,2024-09-16,2356.73,3,4,25
51581,1119,2024-12-26,391.74,3,3,21
51582,1148,2023-07-18,1490.0,5,6,8
51583,1000,2023-05-02,1531.39,4,6,1
51584,1012,2024-04-21,60.15,1,1,30
51585,1320,2025-03-26,1129.31,4,5,7
51586,1060,2025-01-25,195.93,2,3,7
51587,1434,2023-08-01,659.37,4,4,8
51588,1409,2024-09-22,746.68,3,3,19
51589,1212,2024-02-28,1877.07,5,9,17
51590,1023,2023-12-08,284.76,1,2,11
51591,1179,2024-07-27,1879.96,4,4,15
51592,1412,2024-10-14,383.64,3,4,9
51593,1108,2023-01-12,284.45,4,5,17
51594,1327,2023-07-26,515.54,3,5,11
51595,1353,2023-10-16,639.92,3,5,6
51596,1130,2025-03-20,973.06,3,6,9
51597,1034,2023-11-12,334.41,3,3,30
51598,1153,2024-06-02,1819.1,6,9,18
51599,1281,2023-11-28,143.1,2,2,20
51600,1392,2023-01-07,720.34,4,6,2
51601,1058,2024-12-03,822.81,3,6,4
51602,1170,2023-12-16,139.84,1,2,18
51603,1202,2025-01-11,198.35,3,3,28
51604,1291,2024-09-22,1107.14,4,6,1
51605,1491,2023-01-30,1572.38,5,7,11
51606,1426,2023-06-29,1170.48,4,4,3
51607,1099,2023-12-05,2683.97,6,7,8
51608,1426,2023-12-13,446.92,4,4,5
51609,1472,2024-11-19,427.4,4,6,20
51610,1245,2024-04-30,1213.45,5,8,21
51611,1408,2023-02-06,53.93,1,1,22
51612,1330,2023-05-20,476.68,4,6,22
51613,1246,2023-06-09,642.96,3,4,5
51614,1321,2024-04-16,1813.02,6,7,28
51615,1456,2025-06-04,213.91,3,5,11
51616,1274,2023-12-10,1349.15,6,7,12
51617,1236,2025-03-13,148.39,2,3,22
51618,1416,2024-02-28,1611.64,6,8,9
51619,1475,2025-01-30,342.47,3,6,21
51620,1028,2025-05-05,4291.88,5,10,13
51621,1266,2023-11-03,2431.98,4,6,22
51622,1289,2025-01-12,754.88,2,3,20
51623,1347,2023-11-20,238.45,2,3,29
51624,1284,2024-07-02,2633.98,6,10,3
51625,1009,2023-08-02,347.27,3,3,13
51626,1295,2024-12-02,1899.8,6,10,28
51627,1169,2025-03-29,723.31,2,2,22
51628,1469,2025-03-25,593.69,4,4,11
51629,1181,2023-03-09,459.34,2,6,11
51630,1496,2023-06-02,655.41,3,6,21
51631,1143,2025-05-10,1274.01,6,9,20
51632,1015,2023-12-14,1175.05,5,7,21
51633,1192,2024-10-03,3007.4,4,7,7
51634,1273,2025-05-12,1154.43,5,7,17
51635,1084,2024-08-07,1014.33,5,5,16
51636,1310,2024-02-03,1778.21,6,8,14
51637,1095,2024-09-01,1080.45,1,1,1
51638,1059,2025-06-04,906.93,4,6,11
51639,1400,2025-02-08,150.5,2,4,13
51640,1157,2024-12-23,1142.74,3,3,1
51641,1439,2023-11-19,2393.01,6,10,2
51642,1363,2023-02-02,221.54,3,3,9
51643,1139,2024-02-28,149.38,2,2,13
51644,1044,2024-05-23,1108.6,3,5,5
51645,1449,2023-09-01,2757.61,6,7,30
51646,1190,2024-04-07,840.12,4,4,9
51647,1424,2023-11-06,610.15,6,7,13
51648,1110,2024-06-21,378.53,3,4,5
51649,1154,2023-06-29,250.09,3,4,15
51650,1057,2024-01-19,1727.36,3,5,30
51651,1401,2023-02-08,856.01,5,6,7
51652,1398,2023-07-26,1111.25,6,8,14
51653,1467,2023-04-05,1233.86,2,2,30
51654,1227,2024-06-02,518.37,4,8,16
51655,1012,2025-03-29,2813.3,5,6,6
51656,1247,2024-05-27,294.64,2,2,2
51657,1078,2023-07-14,179.01,3,3,16
51658,1174,2024-05-10,721.58,4,6,19
51659,1375,2025-06-13,590.93,5,7,5
51660,1268,2023-11-14,1007.54,4,6,4
51661,1397,2023-12-02,806.17,4,5,14
51662,1073,2025-02-26,105.95,2,3,27
51663,1446,2023-04-11,1745.36,4,5,6
51664,1420,2024-06-12,389.26,4,7,8
51665,1346,2023-05-16,1226.81,5,11,24
51666,1105,2025-01-11,1032.07,4,7,3
51667,1018,2024-04-15,126.15,2,3,4
51668,1198,2024-12-31,757.06,4,8,1
51669,1442,2024-06-18,32.67,1,1,2
51670,1059,2023-01-05,1436.19,4,5,13
51671,1159,2023-02-15,545.84,2,3,9
51672,1351,2025-05-18,425.54,4,4,12
51673,1304,2025-06-11,47.12,1,1,10
51674,1044,2023-12-08,912.09,4,6,10
51675,1239,2023-02-17,684.4,5,5,18
51676,1052,2024-06-17,1749.56,6,7,12
51677,1392,2024-11-05,1462.27,4,5,22
51678,1381,2023-11-16,369.38,3,5,30
51679,1011,2024-08-14,95.06,3,3,16
51680,1388,2023-11-16,146.0,1,1,23
51681,1327,2023-08-03,683.08,4,8,6
51682,1164,2023-07-25,563.08,3,4,24
51683,1098,2023-10-21,1348.19,4,5,25
51684,1141,2024-06-29,373.54,4,5,24
51685,1163,2025-03-02,1498.78,4,5,21
51686,1225,2024-11-18,669.43,4,5,24
51687,1060,2023-10-07,1341.96,4,6,10
51688,1076,2023-06-11,195.64,1,1,15
51689,1140,2023-04-28,20.41,1,1,26
51690,1007,2024-09-29,1065.2,3,6,9
51691,1286,2024-06-10,176.97,2,2,30
51692,1052,2023-07-31,1983.06,6,9,24
51693,1277,2023-12-25,839.22,4,5,2
51694,1281,2023-11-23,860.7,4,5,18
51695,1138,2023-05-25,2776.24,3,4,12
51696,1482,2024-12-22,506.59,3,4,3
51697,1411,2023-10-18,1121.43,5,7,7
51698,1293,2023-09-08,629.22,2,3,9
51699,1087,2023-03-14,472.44,4,6,8
51700,1159,2024-09-19,347.39,3,7,25
51701,1456,2023-12-13,473.74,4,6,6
51702,1276,2024-03-30,495.42,3,4,1
51703,1025,2023-05-14,430.64,3,3,14
51704,1014,2024-04-27,316.66,2,3,16
51705,1462,2024-11-22,1168.94,6,6,28
51706,1025,2023-04-19,956.92,5,6,16
51707,1196,2023-02-25,309.03,3,4,4
51708,1044,2024-03-12,3423.36,6,9,29
51709,1200,2023-07-03,80.13,1,1,6
51710,1360,2024-09-02,754.31,2,4,15
51711,1456,2024-08-29,391.64,2,2,28
51712,1322,2025-05-06,1047.01,2,2,22
51713,1353,2024-12-17,884.66,4,5,8
51714,1228,2024-09-23,1227.28,5,9,1
51715,1182,2023-11-16,92.09,2,2,13
51716,1170,2025-04-17,2682.83,6,6,27
51717,1101,2024-12-31,524.51,2,3,18
51718,1388,2024-11-17,386.02,4,5,18
51719,1414,2024-06-30,936.45,3,4,13
51720,1040,2025-02-12,1552.59,5,9,22
51721,1391,2024-04-21,102.18,1,1,30
51722,1290,2023-05-15,1079.06,2,3,14
51723,1047,2025-04-12,802.61,3,5,11
51724,1410,2024-12-16,688.92,4,4,7
51725,1239,2023-04-10,218.35,2,2,18
51726,1233,2023-11-14,103.51,1,1,21
51727,1350,2024-10-21,521.08,2,5,22
51728,1363,2025-02-23,176.18,2,3,4
51729,1238,2024-04-26,1381.77,5,7,17
51730,1118,2023-08-18,285.73,2,5,19
51731,1073,2025-05-31,173.01,4,4,14
51732,1458,2024-09-23,960.61,4,5,10
51733,1132,2024-01-08,905.7,4,4,25
51734,1200,2023-07-07,1465.41,5,9,29
51735,1358,2024-11-12,206.14,2,3,6
51736,1169,2025-03-18,561.86,4,5,18
51737,1440,2023-11-29,41.88,1,1,25
51738,1232,2024-05-14,587.73,4,10,4
51739,1015,2023-03-08,1357.42,6,10,11
51740,1243,2023-04-26,188.29,4,4,13
51741,1179,2024-05-05,1316.3,4,8,8
51742,1236,2025-05-16,1566.67,4,5,10
51743,1087,2023-10-17,172.25,2,2,23
51744,1393,2023-12-23,380.32,2,2,28
51745,1309,2024-08-11,1461.1,3,4,11
51746,1065,2024-06-04,557.44,1,4,3
51747,1052,2024-02-20,2546.69,6,10,15
51748,1418,2025-01-01,1628.7,6,10,8
51749,1407,2023-04-20,258.23,3,3,20
51750,1166,2024-07-23,700.14,2,3,18
51751,1332,2023-03-14,121.13,2,2,27
51752,1405,2023-11-06,581.84,5,9,21
51753,1272,2024-04-17,118.14,1,1,1
51754,1205,2024-08-27,1002.58,6,7,29
51755,1211,2023-09-02,964.02,2,2,24
51756,1317,2023-09-07,289.94,4,6,30
51757,1280,2023-06-12,124.48,1,1,8
51758,1498,2024-05-08,160.91,2,2,3
51759,1196,2023-03-09,2059.32,4,10,1
51760,1174,2023-08-02,684.36,1,2,20
51761,1416,2024-12-11,531.26,4,5,25
51762,1302,2024-03-17,775.71,6,9,16
51763,1401,2024-03-21,119.07,2,2,9
51764,1290,2025-03-17,538.48,4,5,17
51765,1175,2024-07-11,664.14,4,6,27
51766,1355,2023-08-30,161.16,3,4,16
51767,1088,2024-11-09,1103.54,2,5,23
51768,1342,2023-03-21,308.23,3,4,6
51769,1378,2024-12-29,1383.82,5,8,30
51770,1293,2025-05-06,1895.56,6,9,23
51771,1249,2023-04-28,1958.95,3,4,7
51772,1303,2024-09-02,58.82,1,1,24
51773,1237,2023-11-30,146.91,1,1,16
51774,1284,2023-04-10,514.0,5,6,8
51775,1420,2024-03-31,951.67,4,8,10
51776,1090,2023-11-12,705.5,4,5,14
51777,1489,2024-02-20,567.95,4,7,11
51778,1035,2024-09-04,1416.19,5,10,2
51779,1055,2024-12-02,714.05,3,3,12
51780,1416,2024-09-02,626.83,3,7,28
51781,1394,2025-04-19,186.47,3,3,28
51782,1194,2023-12-02,264.77,2,2,20
51783,1253,2024-10-22,210.1,3,3,20
51784,1338,2023-03-04,92.21,2,2,13
51785,1046,2023-08-11,1258.09,3,5,15
51786,1418,2023-05-23,1525.13,3,7,27
51787,1454,2024-08-17,491.52,3,3,26
51788,1462,2025-02-12,633.71,4,6,12
51789,1325,2025-04-09,1061.5,4,6,13
51790,1000,2025-02-14,518.07,3,4,8
51791,1075,2024-11-07,883.05,3,4,16
51792,1076,2024-04-08,719.39,2,2,30
51793,1272,2023-10-26,1273.61,6,7,29
51794,1199,2024-09-22,502.87,3,3,29
51795,1295,2024-04-02,331.87,3,7,3
51796,1100,2023-07-30,739.31,4,7,28
51797,1348,2025-06-17,201.0,2,2,29
51798,1162,2023-11-03,4030.3,6,11,13
51799,1291,2025-03-24,323.87,2,2,12
51800,1467,2024-11-26,4373.55,3,7,19
51801,1155,2024-03-21,982.6,4,4,29
51802,1367,2023-12-19,613.24,4,6,2
51803,1045,2024-08-19,2.69,1,1,1
51804,1004,2024-09-18,691.51,4,5,8
51805,1261,2024-02-18,1523.07,4,6,30
51806,1433,2023-05-11,495.67,4,4,9
51807,1436,2023-10-29,617.97,3,6,25
51808,1031,2024-01-14,601.53,3,5,27
51809,1461,2024-07-16,533.42,3,7,8
51810,1495,2023-02-24,504.27,3,4,21
51811,1000,2024-12-21,317.38,3,3,17
51812,1286,2025-04-20,1196.31,4,5,9
51813,1183,2023-04-23,1018.02,3,5,6
51814,1440,2023-10-16,968.43,4,5,28
51815,1443,2023-02-01,806.16,4,6,15
51816,1120,2024-03-18,1035.86,2,3,23
51817,1359,2024-08-27,1439.08,4,5,24
51818,1201,2024-10-02,1232.77,4,8,13
51819,1162,2024-12-29,369.67,3,4,21
51820,1195,2024-02-20,582.5,3,6,22
51821,1195,2024-03-21,3753.55,6,10,12
51822,1279,2023-08-05,625.2,4,5,13
51823,1339,2023-06-27,857.56,5,8,7
51824,1243,2023-05-23,694.54,2,3,23
51825,1096,2024-07-22,255.21,4,7,18
51826,1196,2025-05-13,1041.42,4,5,14
51827,1473,2024-01-04,1223.12,3,7,11
51828,1430,2024-03-03,257.15,3,3,28
51829,1078,2023-10-23,366.18,5,5,14
51830,1446,2024-11-17,242.63,2,3,17
51831,1064,2023-05-18,108.26,1,2,24
51832,1005,2023-03-15,1115.95,3,5,21
51833,1331,2023-01-17,476.69,2,2,26
51834,1073,2025-01-08,1582.08,6,11,2
51835,1453,2024-05-13,2052.69,3,6,19
51836,1336,2024-03-23,1572.12,5,6,16
51837,1499,2023-05-20,92.28,1,1,22
51838,1043,2023-05-21,688.62,1,1,10
51839,1328,2025-04-05,167.31,3,3,22
51840,1212,2025-05-30,1190.65,3,4,8
51841,1233,2025-03-18,356.32,1,1,21
51842,1356,2024-09-10,792.66,3,3,5
51843,1476,2024-03-11,394.69,4,4,7
51844,1319,2023-07-04,1909.17,6,10,26
51845,1232,2024-06-05,2062.96,2,6,13
51846,1217,2024-07-19,176.9,2,2,16
51847,1419,2024-04-05,136.45,1,1,30
51848,1196,2023-12-30,2561.46,2,5,5
51849,1115,2023-07-10,1396.71,4,8,16
51850,1217,2024-09-11,343.17,5,5,15
51851,1003,2024-08-14,333.38,3,4,9
51852,1255,2025-05-17,766.32,6,8,22
51853,1374,2023-08-31,4015.38,3,6,23
51854,1364,2024-05-28,420.09,2,4,12
51855,1137,2024-02-25,576.73,4,5,8
51856,1474,2024-07-13,1361.49,5,9,13
51857,1295,2024-01-11,439.64,2,4,5
51858,1017,2023-02-08,540.01,2,2,14
51859,1290,2024-05-09,1214.32,2,3,16
51860,1360,2024-01-13,327.07,4,4,11
51861,1057,2024-08-17,203.64,4,4,20
51862,1246,2024-12-08,273.62,3,5,12
51863,1040,2023-05-26,1885.7,4,6,15
51864,1373,2025-01-18,1339.7,5,8,24
51865,1269,2025-05-29,1442.38,3,5,12
51866,1384,2025-03-08,545.26,3,4,26
51867,1143,2024-04-21,909.35,2,2,9
51868,1264,2023-03-22,214.33,2,3,1
51869,1267,2024-09-16,190.46,2,2,3
51870,1045,2023-09-09,2696.93,6,6,12
51871,1241,2024-10-07,340.21,5,6,20
51872,1379,2024-11-10,217.27,2,2,13
51873,1491,2024-11-15,65.31,1,1,23
51874,1039,2024-12-01,289.49,2,3,6
51875,1324,2024-07-06,392.13,3,3,10
51876,1408,2024-08-16,866.54,5,8,10
51877,1159,2024-09-19,307.68,2,2,16
51878,1027,2023-12-18,444.28,4,5,27
51879,1273,2025-03-08,774.68,3,6,1
51880,1005,2024-04-25,360.36,2,5,16
51881,1232,2024-06-08,1867.86,6,8,4
51882,1463,2024-04-25,218.79,2,2,6
51883,1293,2025-01-21,363.72,3,3,19
51884,1169,2024-03-07,2987.87,5,7,2
51885,1180,2025-03-28,185.95,2,2,18
51886,1150,2023-10-24,459.48,2,2,10
51887,1085,2023-02-06,503.51,4,5,28
51888,1355,2024-09-03,304.36,2,2,28
51889,1383,2023-11-08,573.58,3,3,4
51890,1372,2025-03-14,470.45,4,5,29
51891,1288,2023-09-24,1885.64,4,5,1
51892,1031,2024-10-06,969.5,6,8,15
51893,1242,2024-08-15,698.87,5,8,10
51894,1086,2024-08-09,320.79,3,6,18
51895,1026,2024-11-03,1294.15,4,6,16
51896,1149,2025-04-08,547.26,6,7,13
51897,1377,2024-10-01,412.89,3,5,26
51898,1013,2023-10-21,485.19,5,7,15
51899,1248,2023-03-26,84.58,2,2,2
51900,1064,2024-06-01,1257.04,3,4,20
51901,1039,2025-05-21,251.53,4,5,4
51902,1401,2023-10-12,371.7,6,7,1
51903,1129,2023-05-16,1981.38,4,10,7
51904,1315,2023-10-15,489.55,2,2,23
51905,1140,2025-05-28,298.51,3,5,26
51906,1131,2023-01-15,371.41,3,5,11
51907,1379,2023-04-25,540.46,2,2,26
51908,1309,2023-06-28,468.5,5,10,10
51909,1465,2024-08-28,800.96,5,8,1
51910,1378,2023-06-04,2982.0,6,9,11
51911,1337,2024-04-02,148.07,2,2,24
51912,1189,2025-04-07,132.69,3,3,10
51913,1089,2023-09-25,1303.99,5,8,14
51914,1400,2024-12-18,1067.49,6,7,14
51915,1120,2024-05-11,472.96,3,6,7
51916,1092,2025-03-29,605.13,6,9,23
51917,1270,2025-06-01,915.9,4,5,11
51918,1016,2023-12-18,2032.62,5,10,22
51919,1043,2023-05-29,228.52,2,2,28
51920,1304,2025-04-21,167.91,2,3,4
51921,1078,2025-05-07,796.9,6,6,27
51922,1253,2025-02-09,372.25,4,4,24
51923,1211,2025-02-27,961.89,2,2,2
51924,1196,2023-09-01,597.42,4,7,7
51925,1338,2024-03-26,41.51,2,3,19
51926,1371,2024-10-14,515.09,4,7,14
51927,1085,2023-08-04,794.94,4,4,19
51928,1295,2025-01-21,396.11,2,4,30
51929,1431,2023-12-20,645.47,4,4,7
51930,1027,2024-10-19,997.63,5,8,12
51931,1135,2025-02-12,464.18,3,3,3
51932,1419,2023-04-29,1621.37,6,10,15
51933,1026,2023-06-21,343.67,3,3,5
51934,1237,2024-02-13,1364.35,6,9,8
51935,1243,2023-11-05,524.47,4,8,14
51936,1243,2025-02-03,578.14,4,5,29
51937,1485,2025-02-09,402.69,3,5,4
51938,1472,2024-06-29,1582.58,5,7,7
51939,1119,2024-01-24,625.58,3,4,7
51940,1349,2024-12-23,141.14,2,2,18
51941,1199,2024-04-30,154.87,2,3,14
51942,1134,2023-05-29,3028.83,6,10,8
51943,1271,2025-06-10,495.48,4,6,26
51944,1222,2023-01-13,11.39,1,1,12
51945,1147,2025-03-27,561.01,5,5,10
51946,1229,2024-01-27,122.98,1,1,14
51947,1347,2023-11-20,564.77,4,4,9
51948,1492,2024-06-26,1842.5,6,6,6
51949,1349,2023-02-12,204.57,4,4,30
51950,1049,2024-06-28,478.04,2,2,5
51951,1326,2023-12-29,444.23,3,4,1
51952,1489,2025-05-14,1979.59,5,6,1
51953,1221,2024-09-17,2405.26,4,6,25
51954,1470,2024-10-29,1341.24,3,7,30
51955,1439,2023-10-07,1159.18,3,3,20
51956,1171,2023-10-04,880.95,3,5,17
51957,1136,2025-04-01,135.2,3,3,11
51958,1050,2023-09-19,1397.65,5,6,26
51959,1335,2024-08-21,1238.45,3,3,12
51960,1200,2024-04-17,237.74,3,3,3
51961,1395,2024-11-22,85.94,1,1,6
51962,1383,2023-09-05,600.91,5,7,30
51963,1375,2024-11-19,76.92,2,2,11
51964,1301,2025-02-27,363.91,3,7,29
51965,1099,2024-06-16,927.3,6,9,13
51966,1172,2024-11-24,244.73,4,6,11
51967,1353,2023-07-04,1713.52,6,9,8
51968,1160,2024-07-14,499.72,2,3,29
51969,1005,2024-11-19,1178.71,3,6,10
51970,1004,2025-05-01,420.23,6,6,2
51971,1034,2023-01-13,342.18,1,1,24
51972,1210,2023-04-11,641.56,5,9,14
51973,1268,2023-04-17,694.04,3,4,29
51974,1350,2024-04-01,481.16,5,6,16
51975,1179,2023-08-13,128.04,1,1,17
51976,1371,2023-10-18,1208.96,5,9,11
51977,1128,2023-07-17,207.93,4,4,2
51978,1017,2023-01-25,2428.8,6,8,24
51979,1317,2023-04-05,494.84,3,4,23
51980,1029,2024-08-31,101.91,2,3,5
51981,1336,2025-05-05,722.47,5,7,29
51982,1111,2024-09-05,374.48,2,3,16
51983,1326,2023-05-05,287.48,2,2,16
51984,1362,2023-05-03,2244.76,4,7,26
51985,1044,2025-05-26,417.66,1,3,2
51986,1309,2023-05-14,711.89,4,7,16
51987,1192,2024-11-03,448.61,2,3,25
51988,1391,2024-10-25,148.71,1,3,5
51989,1289,2025-04-02,231.52,2,2,8
51990,1495,2023-07-09,416.3,5,7,29
51991,1458,2023-04-24,231.45,3,3,20
51992,1356,2023-07-08,732.01,3,4,14
51993,1129,2023-10-29,73.26,2,3,25
51994,1239,2024-11-07,101.89,2,2,10
51995,1479,2023-03-19,646.34,4,5,23
51996,1327,2024-04-09,366.34,3,3,2
51997,1472,2023-10-11,318.45,6,7,3
51998,1393,2024-03-13,1323.57,5,8,30
51999,1354,2024-11-14,491.45,2,3,18
